key	ru	de	es	fr	fi
Your voice.\nYour words.	Твой голос.\nТвои слова.	Deine Stimme.\nDeine Worte.	Tu voz.\nTus palabras.	Votre voix.\nVos mots.	Sinun äänesi.\nSinun sanasi.
Private by design.	Приватность по умолчанию.	Privat von Anfang an.	Privacidad desde el principio.	La confidentialité, par défaut.	Yksityinen alusta asti.
Make it yours.	Настрой под себя.	Mach es zu deinem.	A tu manera.	À votre façon.	Tee siitä omasi.
Ready for your\nnext thought.	Всё готово\nдля новых мыслей.	Bereit für deinen\nnächsten Gedanken.	Todo listo para\ntu próxima idea.	Prêt pour votre\nprochaine idée.	Valmiina seuraavaan\najatukseesi.
Speak naturally. Murmator turns a thought into a note — and refines it while you speak.	Говори как обычно. Murmator записывает мысли и уточняет текст, пока ты говоришь.	Sprich ganz natürlich. Murmator schreibt deine Gedanken auf und verbessert den Text, während du sprichst.	Habla con naturalidad. Murmator convierte tus ideas en notas y mejora el texto mientras hablas.	Parlez naturellement. Murmator transforme vos idées en notes et affine le texte pendant que vous parlez.	Puhu luonnollisesti. Murmator kirjoittaa ajatuksesi muistiin ja tarkentaa tekstiä puhuessasi.
Recognition and translation run on your iPhone. Audio isn't uploaded or kept in your notes.	Распознавание и перевод работают на iPhone. Аудио не отправляется на сервер и не сохраняется в заметках.	Erkennung und Übersetzung laufen auf deinem iPhone. Audio wird weder hochgeladen noch in Notizen gespeichert.	El reconocimiento y la traducción funcionan en tu iPhone. El audio no se sube ni se guarda en las notas.	La reconnaissance et la traduction s’exécutent sur votre iPhone. L’audio n’est ni envoyé ni conservé dans les notes.	Tunnistus ja kääntäminen toimivat iPhonessasi. Ääntä ei lähetetä palvelimelle eikä tallenneta muistiinpanoihin.
Choose your spoken language. Models download once and stay on your device.	Выбери язык речи. Модели скачаются один раз и останутся на устройстве.	Wähle deine Sprache. Die Modelle werden einmal geladen und bleiben auf deinem Gerät.	Elige el idioma que hablas. Los modelos se descargan una vez y quedan en tu dispositivo.	Choisissez votre langue. Les modèles sont téléchargés une fois et restent sur votre appareil.	Valitse puhekieli. Mallit ladataan kerran ja säilytetään laitteellasi.
Start from Murmator, a Lock Screen widget, or an Action Button shortcut.	Начинай запись в Murmator, через виджет экрана блокировки или команду для кнопки действия.	Starte in Murmator, über ein Sperrbildschirm-Widget oder einen Kurzbefehl für die Aktionstaste.	Empieza desde Murmator, un widget de la pantalla bloqueada o un atajo del botón de acción.	Commencez dans Murmator, avec un widget d’écran verrouillé ou un raccourci du bouton Action.	Aloita Murmatorista, lukitun näytön widgetistä tai toimintopainikkeen pikakomennolla.
Back	Назад	Zurück	Atrás	Retour	Takaisin
Continue	Продолжить	Weiter	Continuar	Continuer	Jatka
Start using Murmator	Начать пользоваться Murmator	Murmator starten	Empezar a usar Murmator	Commencer avec Murmator	Aloita Murmatorin käyttö
I speak	Я говорю на	Ich spreche	Hablo	Je parle	Puhun
Download & prepare models	Скачать и подготовить модели	Modelle laden und vorbereiten	Descargar y preparar modelos	Télécharger et préparer les modèles	Lataa ja valmistele mallit
Downloading and loading models…	Скачивание и загрузка моделей…	Modelle werden heruntergeladen und geladen…	Descargando y cargando modelos…	Téléchargement et chargement des modèles…	Ladataan malleja laitteelle ja muistiin…
Warming up models…	Прогрев моделей…	Modelle werden aufgewärmt…	Calentando los modelos…	Préchauffage des modèles…	Lämmitetään malleja…
Downloaded and warmed up	Скачаны и прогреты	Geladen und aufgewärmt	Descargados y calentados	Téléchargés et préchauffés	Ladattu ja lämmitetty
Keep Murmator open. Models download once and warm up for this session.	Не закрывай Murmator. Модели скачаются один раз и прогреются для текущего сеанса.	Lass Murmator geöffnet. Die Modelle werden einmal heruntergeladen und für diese Sitzung aufgewärmt.	Mantén Murmator abierto. Los modelos se descargan una vez y se calientan para esta sesión.	Gardez Murmator ouvert. Les modèles sont téléchargés une fois et préchauffés pour cette session.	Pidä Murmator avoinna. Mallit ladataan kerran ja lämmitetään tätä istuntoa varten.
Models run a short silent test. Microphone access is not needed yet.	Модели пройдут короткий тест на тишине. Доступ к микрофону пока не нужен.	Die Modelle testen kurz mit Stille. Mikrofonzugriff ist noch nicht nötig.	Los modelos realizan una breve prueba con silencio. Aún no se necesita acceso al micrófono.	Les modèles effectuent un bref test avec du silence. Le microphone n’est pas encore nécessaire.	Mallit testataan lyhyellä hiljaisella näytteellä. Mikrofonia ei vielä tarvita.
Model preparation failed	Не удалось подготовить модели	Modellvorbereitung fehlgeschlagen	No se pudieron preparar los modelos	Échec de la préparation des modèles	Mallien valmistelu epäonnistui
Murmator mascot	Маскот Murmator	Murmator-Maskottchen	Mascota de Murmator	Mascotte Murmator	Murmatorin maskotti
Step %lld of 4	Шаг %lld из 4	Schritt %lld von 4	Paso %lld de 4	Étape %lld sur 4	Vaihe %lld/4
Notes	Заметки	Notizen	Notas	Notes	Muistiinpanot
Note	Заметка	Notiz	Nota	Note	Muistiinpano
NOTE	ЗАМЕТКА	NOTIZ	NOTA	NOTE	MUISTIINPANO
Search transcripts	Поиск по заметкам	Notizen durchsuchen	Buscar transcripciones	Rechercher dans les notes	Hae muistiinpanoista
A little thought.\nA note worth keeping.	Мимолётная мысль.\nЗаметка на память.	Ein kleiner Gedanke.\nEine Notiz zum Behalten.	Una pequeña idea.\nUna nota para guardar.	Une petite idée.\nUne note à garder.	Pieni ajatus.\nMuistiinpano talteen.
Speak naturally. Murmator turns your voice into text, right on this iPhone.	Говори как обычно. Murmator превращает речь в текст прямо на этом iPhone.	Sprich natürlich. Murmator wandelt deine Stimme direkt auf diesem iPhone in Text um.	Habla con naturalidad. Murmator convierte tu voz en texto en este iPhone.	Parlez naturellement. Murmator transforme votre voix en texte sur cet iPhone.	Puhu luonnollisesti. Murmator muuntaa puheesi tekstiksi tällä iPhonella.
Tap to talk · or use the Action Button	Нажми и говори · или используй кнопку действия	Tippen und sprechen · oder Aktionstaste nutzen	Toca para hablar · o usa el botón de acción	Touchez pour parler · ou utilisez le bouton Action	Napauta ja puhu · tai käytä toimintopainiketta
Record a note	Записать заметку	Notiz aufnehmen	Grabar una nota	Enregistrer une note	Tallenna muistiinpano
Translate	Перевод	Übersetzen	Traducir	Traduire	Käännä
Keyboard	Клавиатура	Tastatur	Teclado	Clavier	Näppäimistö
Settings	Настройки	Einstellungen	Ajustes	Réglages	Asetukset
Cancel	Отмена	Abbrechen	Cancelar	Annuler	Peruuta
Done	Готово	Fertig	Listo	Terminé	Valmis
OK	ОК	OK	Aceptar	OK	OK
Listening	Слушаю	Ich höre zu	Escuchando	À l’écoute	Kuuntelen
Listening…	Слушаю…	Ich höre zu…	Escuchando…	À l’écoute…	Kuuntelen…
Refining	Уточнение	Überarbeiten	Afinando	Amélioration	Tarkennetaan
Getting ready	Подготовка	Vorbereiten	Preparando	Préparation	Valmistellaan
Cancel recording	Отменить запись	Aufnahme abbrechen	Cancelar grabación	Annuler l’enregistrement	Peruuta tallennus
What's on your mind?	О чём думаешь?	Was geht dir durch den Kopf?	¿Qué tienes en mente?	À quoi pensez-vous ?	Mitä mietit?
A moment for your words.	Минутку для твоих слов.	Einen Moment für deine Worte.	Un momento para tus palabras.	Un instant pour vos mots.	Hetki sanoillesi.
Stop & save	Остановить и сохранить	Stoppen und speichern	Detener y guardar	Arrêter et enregistrer	Pysäytä ja tallenna
Stop & translate	Остановить и перевести	Stoppen und übersetzen	Detener y traducir	Arrêter et traduire	Pysäytä ja käännä
You said · %@	Твоя речь · %@	Gesprochen · %@	Dijiste · %@	Vos paroles · %@	Puheesi · %@
Audio stayed on this iPhone. Only the text is saved.	Аудио осталось на этом iPhone. Сохраняется только текст.	Das Audio blieb auf diesem iPhone. Nur der Text wird gespeichert.	El audio quedó en este iPhone. Solo se guarda el texto.	L’audio est resté sur cet iPhone. Seul le texte est enregistré.	Ääni pysyi tällä iPhonella. Vain teksti tallennetaan.
Edit	Изменить	Bearbeiten	Editar	Modifier	Muokkaa
Edit note	Изменить заметку	Notiz bearbeiten	Editar nota	Modifier la note	Muokkaa muistiinpanoa
Delete	Удалить	Löschen	Eliminar	Supprimer	Poista
Delete note	Удалить заметку	Notiz löschen	Eliminar nota	Supprimer la note	Poista muistiinpano
Delete this note?	Удалить эту заметку?	Diese Notiz löschen?	¿Eliminar esta nota?	Supprimer cette note ?	Poistetaanko tämä muistiinpano?
Note actions	Действия с заметкой	Notizaktionen	Acciones de la nota	Actions de la note	Muistiinpanon toiminnot
Save	Сохранить	Speichern	Guardar	Enregistrer	Tallenna
Send to Apple Notes	В Заметки Apple	An Apple Notizen senden	Enviar a Notas de Apple	Envoyer vers Notes d’Apple	Lähetä Applen Muistiinpanoihin
Copy	Копировать	Kopieren	Copiar	Copier	Kopioi
Copied	Скопировано	Kopiert	Copiado	Copié	Kopioitu
Share	Поделиться	Teilen	Compartir	Partager	Jaa
Translate to	Перевести на	Übersetzen in	Traducir a	Traduire en	Käännä kielelle
While you speak	Пока ты говоришь	Während du sprichst	Mientras hablas	Pendant que vous parlez	Puhuessasi
A quick preview follows your voice. OPUS then refines completed phrases and the final text before the note is saved.	Черновой перевод появляется вслед за речью. OPUS уточняет завершённые фразы и итоговый текст перед сохранением.	Eine schnelle Vorschau folgt deiner Stimme. OPUS verbessert abgeschlossene Sätze und den endgültigen Text vor dem Speichern.	Una vista previa sigue tu voz. OPUS mejora las frases completas y el texto final antes de guardar la nota.	Un aperçu suit votre voix. OPUS affine les phrases terminées et le texte final avant l’enregistrement.	Nopea käännösluonnos seuraa puhettasi. OPUS tarkentaa valmiit lauseet ja lopullisen tekstin ennen tallennusta.
Download the selected language models once to translate offline.	Скачай модели выбранных языков один раз для перевода без интернета.	Lade die gewählten Sprachmodelle einmal für Offline-Übersetzungen.	Descarga una vez los modelos de los idiomas elegidos para traducir sin conexión.	Téléchargez une fois les modèles choisis pour traduire hors ligne.	Lataa valittujen kielten mallit kerran, niin voit kääntää ilman verkkoyhteyttä.
Translation is not available for this language yet. You can still record a note.	Перевод для этого языка пока недоступен. Записать заметку можно.	Für diese Sprache ist noch keine Übersetzung verfügbar. Du kannst trotzdem eine Notiz aufnehmen.	La traducción aún no está disponible para este idioma. Puedes grabar una nota.	La traduction n’est pas encore disponible pour cette langue. Vous pouvez enregistrer une note.	Tälle kielelle ei ole vielä käännöstä. Voit silti tallentaa muistiinpanon.
Speak & translate	Говорить и переводить	Sprechen und übersetzen	Hablar y traducir	Parler et traduire	Puhu ja käännä
Speech	Распознавание речи	Spracherkennung	Reconocimiento de voz	Reconnaissance vocale	Puheentunnistus
Spoken language	Язык речи	Gesprochene Sprache	Idioma hablado	Langue parlée	Puhekieli
Mode	Режим	Modus	Modo	Mode	Tila
Fast	Быстрый	Schnell	Rápido	Rapide	Nopea
Hybrid	Двойной	Hybrid	Híbrido	Hybride	Hybridi
Accurate	Точный	Genau	Preciso	Précis	Tarkka
Hybrid shows a live draft and corrects it on a separate backend.	Двойной режим показывает черновик и параллельно уточняет его отдельным движком.	Der Hybridmodus zeigt einen Live-Entwurf und korrigiert ihn mit einer separaten Engine.	El modo híbrido muestra un borrador en directo y lo corrige con otro motor.	Le mode hybride affiche un brouillon en direct et le corrige avec un moteur distinct.	Hybriditila näyttää luonnoksen reaaliajassa ja korjaa sitä erillisellä moottorilla.
Models	Модели	Modelle	Modelos	Modèles	Mallit
Speech model	Модель распознавания	Sprachmodell	Modelo de voz	Modèle vocal	Puhemalli
Ready on this device	Готово на устройстве	Auf diesem Gerät bereit	Listo en este dispositivo	Prêt sur cet appareil	Valmis tällä laitteella
Preparation needed	Нужна подготовка	Vorbereitung nötig	Necesita preparación	Préparation nécessaire	Valmistelu tarvitaan
Download & prepare	Скачать и подготовить	Laden und vorbereiten	Descargar y preparar	Télécharger et préparer	Lataa ja valmistele
Import model folder	Импортировать папку моделей	Modellordner importieren	Importar carpeta de modelos	Importer un dossier de modèles	Tuo mallikansio
Advanced Core ML models can be imported as a CoreMLModels folder. Your speech never leaves the device.	Дополнительные модели Core ML можно импортировать папкой CoreMLModels. Речь не покидает устройство.	Weitere Core-ML-Modelle lassen sich als Ordner CoreMLModels importieren. Deine Sprache verlässt das Gerät nicht.	Puedes importar modelos Core ML adicionales como carpeta CoreMLModels. Tu voz no sale del dispositivo.	Les modèles Core ML supplémentaires s’importent via un dossier CoreMLModels. Votre voix reste sur l’appareil.	Muita Core ML -malleja voi tuoda CoreMLModels-kansiona. Puheesi pysyy laitteella.
Appearance	Оформление	Darstellung	Apariencia	Apparence	Ulkoasu
Theme	Тема	Design	Tema	Thème	Teema
System	Системная	System	Sistema	Système	Järjestelmä
Light	Светлая	Hell	Claro	Clair	Vaalea
Dark	Тёмная	Dunkel	Oscuro	Sombre	Tumma
Ways to start	Как начать запись	Aufnahme starten	Formas de empezar	Façons de commencer	Aloitustavat
Action Button	Кнопка действия	Aktionstaste	Botón de acción	Bouton Action	Toimintopainike
Assign “Record a Murmator note” in Action Button or Shortcuts settings.	Выбери «Записать заметку Murmator» в настройках кнопки действия или Команд.	Wähle „Murmator-Notiz aufnehmen“ in den Einstellungen der Aktionstaste oder in Kurzbefehle.	Asigna «Grabar una nota de Murmator» en los ajustes del botón de acción o de Atajos.	Choisissez « Enregistrer une note Murmator » dans les réglages du bouton Action ou dans Raccourcis.	Valitse ”Tallenna Murmator-muistiinpano” toimintopainikkeen asetuksista tai Pikakomennoista.
Murmator keyboard	Клавиатура Murmator	Murmator-Tastatur	Teclado de Murmator	Clavier Murmator	Murmator-näppäimistö
Lock Screen widget	Виджет экрана блокировки	Sperrbildschirm-Widget	Widget de pantalla bloqueada	Widget d’écran verrouillé	Lukitun näytön widget
Add the Murmator widget to your Lock Screen. It opens the app for recording.	Добавь виджет Murmator на экран блокировки. Он открывает приложение для записи.	Füge das Murmator-Widget zum Sperrbildschirm hinzu. Es öffnet die App zur Aufnahme.	Añade el widget de Murmator a la pantalla bloqueada. Abre la app para grabar.	Ajoutez le widget Murmator à l’écran verrouillé. Il ouvre l’app pour enregistrer.	Lisää Murmator-widget lukitulle näytölle. Se avaa sovelluksen tallennusta varten.
Saving	Сохранение	Speichern	Guardado	Enregistrement	Tallennus
Notes stay on this iPhone	Заметки остаются на этом iPhone	Notizen bleiben auf diesem iPhone	Las notas quedan en este iPhone	Les notes restent sur cet iPhone	Muistiinpanot pysyvät tällä iPhonella
Share a note to Apple Notes or another app using the system share sheet. Murmator does not send notes automatically.	Отправляй заметки в Заметки Apple или другие приложения через меню «Поделиться». Murmator не отправляет их автоматически.	Teile Notizen über das Systemmenü mit Apple Notizen oder anderen Apps. Murmator versendet sie nicht automatisch.	Comparte notas con Notas de Apple u otra app desde el menú del sistema. Murmator no las envía automáticamente.	Partagez vos notes vers Notes d’Apple ou une autre app via le menu système. Murmator ne les envoie pas automatiquement.	Jaa muistiinpano Applen Muistiinpanoihin tai muuhun sovellukseen järjestelmän jakovalikosta. Murmator ei lähetä niitä automaattisesti.
Murmator · 1.0\nOn-device voice to text	Murmator · 1.0\nРаспознавание речи на устройстве	Murmator · 1.0\nSpracherkennung auf dem Gerät	Murmator · 1.0\nVoz a texto en el dispositivo	Murmator · 1.0\nTranscription sur l’appareil	Murmator · 1.0\nPuhe tekstiksi laitteella
Your words, in any app.	Твои слова в любом приложении.	Deine Worte in jeder App.	Tus palabras en cualquier app.	Vos mots dans toutes les apps.	Sanasi missä tahansa sovelluksessa.
Record in Murmator, then use the Murmator keyboard to insert your latest saved text.	Запиши речь в Murmator, затем вставь последний сохранённый текст с клавиатуры Murmator.	Nimm in Murmator auf und füge den zuletzt gespeicherten Text mit der Murmator-Tastatur ein.	Graba en Murmator y usa su teclado para insertar el último texto guardado.	Enregistrez dans Murmator, puis insérez le dernier texte avec le clavier Murmator.	Tallenna Murmatorissa ja lisää viimeisin teksti Murmator-näppäimistöllä.
1. Open Settings → General → Keyboard.\n\n2. Add Murmator under Keyboards.\n\n3. Switch with the globe key and tap Insert.	1. Открой Настройки → Основные → Клавиатура.\n\n2. Добавь Murmator в список клавиатур.\n\n3. Переключись кнопкой глобуса и нажми «Вставить».	1. Öffne Einstellungen → Allgemein → Tastatur.\n\n2. Füge Murmator unter Tastaturen hinzu.\n\n3. Wechsle mit der Globustaste und tippe auf Einfügen.	1. Abre Ajustes → General → Teclado.\n\n2. Añade Murmator en Teclados.\n\n3. Cambia con la tecla del globo y toca Insertar.	1. Ouvrez Réglages → Général → Clavier.\n\n2. Ajoutez Murmator dans Claviers.\n\n3. Utilisez la touche globe et touchez Insérer.	1. Avaa Asetukset → Yleiset → Näppäimistö.\n\n2. Lisää Murmator näppäimistöihin.\n\n3. Vaihda maapallopainikkeella ja napauta Lisää.
The keyboard does not record audio or send text over the network.	Клавиатура не записывает звук и не отправляет текст по сети.	Die Tastatur nimmt kein Audio auf und sendet keinen Text über das Netzwerk.	El teclado no graba audio ni envía texto por la red.	Le clavier n’enregistre pas d’audio et n’envoie pas de texte sur le réseau.	Näppäimistö ei tallenna ääntä eikä lähetä tekstiä verkkoon.
Insert latest note	Вставить последнюю заметку	Letzte Notiz einfügen	Insertar última nota	Insérer la dernière note	Lisää viimeisin muistiinpano
Next keyboard	Следующая клавиатура	Nächste Tastatur	Siguiente teclado	Clavier suivant	Seuraava näppäimistö
Refresh note	Обновить заметку	Notiz aktualisieren	Actualizar nota	Actualiser la note	Päivitä muistiinpano
Delete character	Удалить символ	Zeichen löschen	Eliminar carácter	Supprimer un caractère	Poista merkki
Return	Перевод строки	Zeilenumbruch	Retorno	Retour à la ligne	Rivinvaihto
Record a note in Murmator, then return here to insert it.	Запиши заметку в Murmator и вернись сюда, чтобы вставить её.	Nimm eine Notiz in Murmator auf und kehre zum Einfügen hierher zurück.	Graba una nota en Murmator y vuelve aquí para insertarla.	Enregistrez une note dans Murmator, puis revenez ici pour l’insérer.	Tallenna muistiinpano Murmatorissa ja palaa tähän lisäämään se.
Choose a model that supports the selected language.	Выбери модель с поддержкой выбранного языка.	Wähle ein Modell, das diese Sprache unterstützt.	Elige un modelo compatible con el idioma seleccionado.	Choisissez un modèle prenant en charge cette langue.	Valitse malli, joka tukee valittua kieltä.
Preparing speech models…	Подготовка моделей распознавания…	Sprachmodelle werden vorbereitet…	Preparando modelos de voz…	Préparation des modèles vocaux…	Valmistellaan puhemalleja…
Preparing translation models…	Подготовка моделей перевода…	Übersetzungsmodelle werden vorbereitet…	Preparando modelos de traducción…	Préparation des modèles de traduction…	Valmistellaan käännösmalleja…
Microphone access	Доступ к микрофону	Mikrofonzugriff	Acceso al micrófono	Accès au microphone	Mikrofonin käyttö
Allow microphone access in Settings to record a note.	Разреши доступ к микрофону в Настройках, чтобы записать заметку.	Erlaube den Mikrofonzugriff in den Einstellungen, um eine Notiz aufzunehmen.	Permite el acceso al micrófono en Ajustes para grabar una nota.	Autorisez le microphone dans Réglages pour enregistrer une note.	Salli mikrofonin käyttö Asetuksissa, jotta voit tallentaa muistiinpanon.
Draft first, refined a beat later	Сначала черновик, затем уточнение	Erst Entwurf, kurz darauf Korrektur	Primero un borrador, después los ajustes	Un brouillon, puis les corrections	Ensin luonnos, sitten tarkennus
Listening on this iPhone	Распознавание на этом iPhone	Erkennung auf diesem iPhone	Escuchando en este iPhone	À l’écoute sur cet iPhone	Kuuntelen tällä iPhonella
Refining your note…	Уточняю заметку…	Notiz wird überarbeitet…	Afinando tu nota…	Amélioration de votre note…	Tarkennetaan muistiinpanoa…
Recording stopped. The captured text was kept.	Запись остановлена. Распознанный текст сохранён.	Aufnahme beendet. Der erkannte Text wurde behalten.	La grabación se detuvo. El texto reconocido se conservó.	L’enregistrement est arrêté. Le texte reconnu a été conservé.	Tallennus pysäytettiin. Tunnistettu teksti säilytettiin.
Models imported	Модели импортированы	Modelle importiert	Modelos importados	Modèles importés	Mallit tuotu
Could not save recovery text: %@	Не удалось сохранить черновик: %@	Wiederherstellungstext konnte nicht gespeichert werden: %@	No se pudo guardar el texto de recuperación: %@	Impossible d’enregistrer le texte de récupération : %@	Palautustekstiä ei voitu tallentaa: %@
The original text is saved. Translation: %@	Исходный текст сохранён. Ошибка перевода: %@	Der Originaltext ist gespeichert. Übersetzung: %@	El texto original está guardado. Traducción: %@	Le texte original est enregistré. Traduction : %@	Alkuperäinen teksti tallennettiin. Käännös: %@
Record a Murmator note	Записать заметку Murmator	Murmator-Notiz aufnehmen	Grabar una nota de Murmator	Enregistrer une note Murmator	Tallenna Murmator-muistiinpano
Open Murmator and start on-device dictation.	Открыть Murmator и начать распознавание на устройстве.	Murmator öffnen und Diktat auf dem Gerät starten.	Abrir Murmator e iniciar el dictado en el dispositivo.	Ouvrir Murmator et dicter sur l’appareil.	Avaa Murmator ja aloita sanelu laitteella.
Record with Murmator	Запись в Murmator	Mit Murmator aufnehmen	Grabar con Murmator	Enregistrer avec Murmator	Tallenna Murmatorilla
Open Murmator to capture a thought on your iPhone.	Открой Murmator, чтобы записать мысль на iPhone.	Öffne Murmator, um einen Gedanken auf deinem iPhone festzuhalten.	Abre Murmator para guardar una idea en tu iPhone.	Ouvrez Murmator pour noter une idée sur votre iPhone.	Avaa Murmator ja tallenna ajatuksesi iPhonella.
Murmator transcribes your voice on this device.	Murmator распознаёт твою речь на этом устройстве.	Murmator erkennt deine Sprache auf diesem Gerät.	Murmator transcribe tu voz en este dispositivo.	Murmator transcrit votre voix sur cet appareil.	Murmator muuntaa puheesi tekstiksi tällä laitteella.
Set up models again	Повторить настройку моделей	Modelle erneut einrichten	Configurar modelos de nuevo	Configurer les modèles à nouveau	Määritä mallit uudelleen
Say it once	Просто скажи	Sag es einmal	Dilo una vez	Dites-le simplement	Sano se kerran
Let Murmator hear you	Разреши Murmator услышать тебя	Lass Murmator dich hören	Deja que Murmator te escuche	Laissez Murmator vous entendre	Anna Murmatorin kuulla sinut
Add your languages	Добавь свои языки	Füge deine Sprachen hinzu	Añade tus idiomas	Ajoutez vos langues	Lisää kielesi
Warming up the models	Прогрев моделей	Modelle aufwärmen	Preparar los modelos	Préchauffage des modèles	Mallien lämmitys
Talk in any app	Твои слова в любом приложении	Deine Worte in jeder App	Tus palabras en cualquier app	Vos mots dans toutes les apps	Sanasi missä tahansa sovelluksessa
Choose languages for dictation and optional translation. Download them now or add them later in Settings.	Выбери языки для диктовки и перевода. Скачай их сейчас или добавь позже в настройках.	Wähle Sprachen für Diktat und optionale Übersetzung. Lade sie jetzt oder später in den Einstellungen.	Elige idiomas para dictar y traducir. Descárgalos ahora o añádelos después en Ajustes.	Choisissez les langues de dictée et de traduction. Téléchargez-les maintenant ou ajoutez-les plus tard dans Réglages.	Valitse sanelun ja kääntämisen kielet. Lataa ne nyt tai lisää myöhemmin Asetuksissa.
A short silent test prepares the models for use. You can continue or skip setup while preparation runs.	Короткий тест на тишине подготовит модели к работе. Пока идёт подготовка, можно продолжить или пропустить настройку.	Ein kurzer Test mit Stille bereitet die Modelle vor. Du kannst währenddessen fortfahren oder die Einrichtung überspringen.	Una breve prueba con silencio prepara los modelos. Puedes continuar u omitir la configuración mientras tanto.	Un bref test silencieux prépare les modèles. Vous pouvez continuer ou passer la configuration pendant ce temps.	Lyhyt hiljainen testi valmistelee mallit. Voit jatkaa tai ohittaa käyttöönoton valmistelun aikana.
Microphone allowed	Микрофон разрешён	Mikrofon erlaubt	Micrófono permitido	Microphone autorisé	Mikrofoni sallittu
Allow microphone	Разрешить микрофон	Mikrofon erlauben	Permitir micrófono	Autoriser le microphone	Salli mikrofoni
Optional now. Murmator will ask when you start your first recording.	Сейчас это необязательно. Murmator запросит доступ при первой записи.	Jetzt optional. Murmator fragt bei deiner ersten Aufnahme danach.	Es opcional ahora. Murmator lo pedirá al iniciar tu primera grabación.	Facultatif pour le moment. Murmator le demandera au premier enregistrement.	Tämä on nyt valinnaista. Murmator pyytää lupaa ensimmäisen tallennuksen alussa.
Choose languages	Выбрать языки	Sprachen wählen	Elegir idiomas	Choisir les langues	Valitse kielet
1. Open Settings → General → Keyboard.	1. Открой Настройки → Основные → Клавиатура.	1. Öffne Einstellungen → Allgemein → Tastatur.	1. Abre Ajustes → General → Teclado.	1. Ouvrez Réglages → Général → Clavier.	1. Avaa Asetukset → Yleiset → Näppäimistö.
2. Add the Murmator keyboard.	2. Добавь клавиатуру Murmator.	2. Füge die Murmator-Tastatur hinzu.	2. Añade el teclado de Murmator.	2. Ajoutez le clavier Murmator.	2. Lisää Murmator-näppäimistö.
3. Record in Murmator, then switch keyboards to insert your text.	3. Запиши речь в Murmator, затем переключи клавиатуру и вставь текст.	3. Nimm in Murmator auf, wechsle die Tastatur und füge deinen Text ein.	3. Graba en Murmator, cambia de teclado e inserta el texto.	3. Enregistrez dans Murmator, puis changez de clavier pour insérer le texte.	3. Tallenna Murmatorissa, vaihda näppäimistöä ja lisää teksti.
Keyboard setup	Настройка клавиатуры	Tastatur einrichten	Configurar teclado	Configurer le clavier	Näppäimistön asetukset
Step %lld of 5	Шаг %lld из 5	Schritt %lld von 5	Paso %lld de 5	Étape %lld sur 5	Vaihe %lld/5
Finish setup	Завершить настройку	Einrichtung abschließen	Finalizar configuración	Terminer la configuration	Viimeistele käyttöönotto
Skip setup	Пропустить настройку	Einrichtung überspringen	Omitir configuración	Passer la configuration	Ohita käyttöönotto
Languages & offline	Языки и офлайн	Sprachen und Offline	Idiomas y modo sin conexión	Langues et mode hors ligne	Kielet ja offline-käyttö
Offline after download	Офлайн после скачивания	Nach dem Download offline	Sin conexión tras descargar	Hors ligne après téléchargement	Offline latauksen jälkeen
After downloading, the selected languages work without internet. Audio stays on your iPhone. You can skip this and download later.	После скачивания выбранные языки работают без интернета. Аудио остаётся на iPhone. Можно пропустить этот шаг и скачать позже.	Nach dem Download funktionieren die gewählten Sprachen ohne Internet. Audio bleibt auf deinem iPhone. Du kannst diesen Schritt überspringen und später laden.	Tras descargar, los idiomas elegidos funcionan sin internet. El audio queda en tu iPhone. Puedes omitir este paso y descargar después.	Après téléchargement, les langues choisies fonctionnent sans internet. L’audio reste sur votre iPhone. Vous pouvez passer cette étape et télécharger plus tard.	Latauksen jälkeen valitut kielet toimivat ilman internetiä. Ääni pysyy iPhonessasi. Voit ohittaa tämän ja ladata myöhemmin.
Dictation languages	Языки диктовки	Diktatsprachen	Idiomas de dictado	Langues de dictée	Sanelukielet
Add speech language	Добавить язык диктовки	Diktatsprache hinzufügen	Añadir idioma de dictado	Ajouter une langue de dictée	Lisää sanelukieli
Translation languages · optional	Языки перевода · необязательно	Übersetzungssprachen · optional	Idiomas de traducción · opcional	Langues de traduction · facultatif	Käännöskielet · valinnainen
Translate from	Переводить с	Übersetzen aus	Traducir de	Traduire depuis	Käännä kielestä
No downloadable OPUS translation pack is available for this source language yet.	Для этого исходного языка пока нет пакета перевода OPUS, доступного для скачивания.	Für diese Ausgangssprache ist noch kein OPUS-Übersetzungspaket zum Download verfügbar.	Aún no hay un paquete OPUS descargable para este idioma de origen.	Aucun pack OPUS téléchargeable n’est encore disponible pour cette langue source.	Tälle lähdekielelle ei ole vielä ladattavaa OPUS-käännöspakettia.
Add translation language	Добавить язык перевода	Übersetzungssprache hinzufügen	Añadir idioma de traducción	Ajouter une langue de traduction	Lisää käännöskieli
Downloaded	Скачано	Heruntergeladen	Descargado	Téléchargé	Ladattu
Prepare again	Подготовить повторно	Erneut vorbereiten	Preparar de nuevo	Préparer à nouveau	Valmistele uudelleen
Download & warm up	Скачать и прогреть	Laden und aufwärmen	Descargar y preparar	Télécharger et préchauffer	Lataa ja lämmitä
You can keep going. Preparation continues while Murmator is open.	Можно продолжить. Подготовка идёт, пока Murmator открыт.	Du kannst fortfahren. Die Vorbereitung läuft weiter, solange Murmator geöffnet ist.	Puedes continuar. La preparación sigue mientras Murmator esté abierto.	Vous pouvez continuer. La préparation se poursuit tant que Murmator reste ouvert.	Voit jatkaa. Valmistelu jatkuu Murmatorin ollessa avoinna.
Prepare when it suits you	Подготовь, когда удобно	Vorbereiten, wenn es dir passt	Prepara cuando te convenga	Préparez quand vous voulez	Valmistele kun sinulle sopii
Nothing to download right now? Continue to your notes. Language packs can be added in Settings at any time.	Не хочешь скачивать сейчас? Переходи к заметкам. Языковые пакеты можно добавить в настройках в любое время.	Jetzt nichts herunterladen? Weiter zu deinen Notizen. Sprachpakete kannst du jederzeit in den Einstellungen hinzufügen.	¿No quieres descargar ahora? Continúa a tus notas. Puedes añadir idiomas en Ajustes cuando quieras.	Rien à télécharger maintenant ? Accédez à vos notes. Les packs de langues peuvent être ajoutés à tout moment dans Réglages.	Etkö halua ladata nyt? Jatka muistiinpanoihin. Kielipaketteja voi lisätä Asetuksissa milloin tahansa.
Speech engines are tested on a physical iPhone. This simulator only tests the interface.	Движки речи проверяются на настоящем iPhone. Этот симулятор проверяет только интерфейс.	Sprachmodelle werden auf einem echten iPhone getestet. Dieser Simulator testet nur die Oberfläche.	Los motores de voz se prueban en un iPhone físico. Este simulador solo prueba la interfaz.	Les moteurs vocaux sont testés sur un iPhone physique. Ce simulateur ne teste que l’interface.	Puhemoottorit testataan oikealla iPhonella. Tämä simulaattori testaa vain käyttöliittymää.
Preparing dictation	Подготовка диктовки	Diktat vorbereiten	Preparando dictado	Préparation de la dictée	Valmistellaan sanelua
Preparing live text	Подготовка текста в реальном времени	Live-Text vorbereiten	Preparando texto en directo	Préparation du texte en direct	Valmistellaan reaaliaikaista tekstiä
Preparing offline dictation	Подготовка офлайн-диктовки	Offline-Diktat vorbereiten	Preparando dictado sin conexión	Préparation de la dictée hors ligne	Valmistellaan offline-sanelua
Could not prepare this language. Please try again.	Не удалось подготовить этот язык. Попробуй ещё раз.	Diese Sprache konnte nicht vorbereitet werden. Versuche es erneut.	No se pudo preparar este idioma. Inténtalo de nuevo.	Impossible de préparer cette langue. Réessayez.	Tämän kielen valmistelu epäonnistui. Yritä uudelleen.
Could not prepare translation for these languages. Please try again.	Не удалось подготовить перевод для этих языков. Попробуй ещё раз.	Die Übersetzung für diese Sprachen konnte nicht vorbereitet werden. Versuche es erneut.	No se pudo preparar la traducción para estos idiomas. Inténtalo de nuevo.	Impossible de préparer la traduction pour ces langues. Réessayez.	Näiden kielten käännöksen valmistelu epäonnistui. Yritä uudelleen.
Could not refine text. Your draft is still available.	Не удалось уточнить текст. Черновик сохранён на экране.	Der Text konnte nicht verbessert werden. Dein Entwurf bleibt verfügbar.	No se pudo mejorar el texto. Tu borrador sigue disponible.	Impossible d’affiner le texte. Votre brouillon reste disponible.	Tekstiä ei voitu tarkentaa. Luonnos on edelleen käytettävissä.
Could not start dictation. Check microphone access and language downloads.	Не удалось начать диктовку. Проверь доступ к микрофону и загрузку языков.	Das Diktat konnte nicht gestartet werden. Prüfe Mikrofonzugriff und Sprachdownloads.	No se pudo iniciar el dictado. Revisa el permiso del micrófono y las descargas de idiomas.	Impossible de démarrer la dictée. Vérifiez l’accès au microphone et les langues téléchargées.	Sanelua ei voitu aloittaa. Tarkista mikrofonin lupa ja ladatut kielet.
A live draft appears first, then your words are refined.	Сначала появляется черновик, затем текст уточняется.	Zuerst erscheint ein Live-Entwurf, dann wird dein Text verbessert.	Primero aparece un borrador en directo y después se mejora el texto.	Un brouillon apparaît en direct, puis le texte est affiné.	Ensin näkyy reaaliaikainen luonnos, sitten tekstiä tarkennetaan.
Replay setup tour	Повторить знакомство с приложением	Einführung erneut ansehen	Repetir la introducción	Revoir la présentation	Katso esittely uudelleen
A quick translation follows your voice. Completed phrases are then refined before the note is saved.	Быстрый перевод появляется вслед за речью. Завершённые фразы уточняются перед сохранением заметки.	Eine schnelle Übersetzung folgt deiner Stimme. Abgeschlossene Sätze werden vor dem Speichern verbessert.	Una traducción rápida sigue tu voz. Las frases completas se mejoran antes de guardar la nota.	Une traduction rapide suit votre voix. Les phrases terminées sont affinées avant l’enregistrement.	Nopea käännös seuraa puhettasi. Valmiit lauseet tarkennetaan ennen tallennusta.
Translation is not available to download for this language yet.	Перевод для этого языка пока нельзя скачать.	Für diese Sprache ist noch keine Übersetzung zum Download verfügbar.	Aún no se puede descargar la traducción para este idioma.	La traduction n’est pas encore téléchargeable pour cette langue.	Tälle kielelle ei ole vielä ladattavaa käännöstä.
Translation could not be completed. Your original text is kept.	Не удалось завершить перевод. Исходный текст сохранён.	Die Übersetzung konnte nicht abgeschlossen werden. Dein Originaltext bleibt erhalten.	No se pudo completar la traducción. Se conserva el texto original.	La traduction n’a pas pu être terminée. Le texte original est conservé.	Käännöstä ei voitu viimeistellä. Alkuperäinen teksti säilytetään.
Text refined	Текст уточнён	Text verbessert	Texto mejorado	Texte affiné	Teksti tarkennettu
Not downloaded	Не скачано	Nicht geladen	Sin descargar	Non téléchargé	Ei ladattu
Downloading	Скачивание	Wird geladen	Descargando	Téléchargement	Ladataan
Warming up	Прогрев	Aufwärmen	Calentando	Préchauffage	Lämmitetään
Ready offline	Готово офлайн	Offline bereit	Listo sin conexión	Prêt hors ligne	Valmis offline-tilassa
Failed	Ошибка	Fehlgeschlagen	Error	Échec	Epäonnistui
Needs warm-up	Нужен прогрев	Aufwärmen nötig	Necesita calentar	Préchauffage requis	Vaatii lämmityksen
Selecting a language does not download it.	Выбор языка не скачивает его.	Eine Sprache auszuwählen lädt sie nicht herunter.	Elegir un idioma no lo descarga.	Choisir une langue ne la télécharge pas.	Kielen valinta ei lataa sitä.
Retry	Повторить	Wiederholen	Reintentar	Réessayer	Yritä uudelleen
Details	Подробности	Details	Detalles	Détails	Tiedot
Dismiss	Закрыть	Schließen	Cerrar	Fermer	Sulje
Remove	Убрать	Entfernen	Quitar	Retirer	Poista
Reverse direction is a separate pack.	Обратное направление — отдельный пакет.	Die Gegenrichtung ist ein eigenes Paket.	La dirección inversa es otro paquete.	Le sens inverse est un pack distinct.	Vastakkainen suunta on eri paketti.
Add	Добавить	Hinzufügen	Añadir	Ajouter	Lisää
Already added	Уже добавлен	Bereits hinzugefügt	Ya añadido	Déjà ajouté	Jo lisätty
Not supported yet	Пока не поддерживается	Noch nicht unterstützt	Aún no compatible	Pas encore pris en charge	Ei vielä tuettu
Nothing is downloading right now.	Сейчас ничего не скачивается.	Derzeit wird nichts geladen.	Ahora no se descarga nada.	Aucun téléchargement en cours.	Mitään ei ladata juuri nyt.
No notes yet	Заметок пока нет	Noch keine Notizen	Aún no hay notas	Aucune note pour l’instant	Ei vielä muistiinpanoja
Tap the mic and say the first one.	Нажми микрофон и скажи первую.	Tippe aufs Mikrofon und sag die erste.	Toca el micrófono y di la primera.	Touchez le micro et dites la première.	Napauta mikrofonia ja sano ensimmäinen.
No matches	Нет совпадений	Keine Treffer	Sin resultados	Aucun résultat	Ei osumia
Clear search	Очистить поиск	Suche löschen	Borrar búsqueda	Effacer la recherche	Tyhjennä haku
Translation unavailable	Перевод недоступен	Übersetzung nicht verfügbar	Traducción no disponible	Traduction indisponible	Käännös ei käytettävissä
Update translation	Обновить перевод	Übersetzung aktualisieren	Actualizar traducción	Mettre à jour la traduction	Päivitä käännös
Translation may not match the edited text.	Перевод может не совпадать с изменённым текстом.	Die Übersetzung passt möglicherweise nicht zum geänderten Text.	La traducción puede no coincidir con el texto editado.	La traduction peut ne plus correspondre au texte modifié.	Käännös ei ehkä vastaa muokattua tekstiä.
Could not save the note	Не удалось сохранить заметку	Notiz konnte nicht gespeichert werden	No se pudo guardar la nota	Impossible d’enregistrer la note	Muistiinpanoa ei voitu tallentaa
Recovered draft	Восстановленный черновик	Wiederhergestellter Entwurf	Borrador recuperado	Brouillon récupéré	Palautettu luonnos
Advanced	Дополнительно	Erweitert	Avanzado	Avancé	Lisäasetukset
This mode does not support the selected language.	Этот режим не поддерживает выбранный язык.	Dieser Modus unterstützt die gewählte Sprache nicht.	Este modo no admite el idioma elegido.	Ce mode ne prend pas en charge la langue choisie.	Tämä tila ei tue valittua kieltä.
Pack is on the device but not loaded in memory.	Пакет на устройстве, но не загружен в память.	Das Paket liegt auf dem Gerät, ist aber nicht im Speicher.	El paquete está en el dispositivo pero no en memoria.	Le pack est sur l’appareil mais pas en mémoire.	Paketti on laitteella mutta ei muistissa.
Hybrid needs a second model for this language.	Двойному режиму нужен второй комплект для этого языка.	Hybrid braucht für diese Sprache ein zweites Modell.	El modo híbrido necesita un segundo modelo para este idioma.	Le mode hybride nécessite un second modèle pour cette langue.	Hybriditila tarvitsee toisen mallin tälle kielelle.
Import failed	Импорт не удался	Import fehlgeschlagen	Error al importar	Échec de l’import	Tuonti epäonnistui
Choose a folder in Files	Выбрать папку в Файлах	Ordner in Dateien wählen	Elegir carpeta en Archivos	Choisir un dossier dans Fichiers	Valitse kansio Tiedostoissa
Microphone is off	Микрофон выключен	Mikrofon ist aus	El micrófono está desactivado	Le microphone est désactivé	Mikrofoni on pois
Open Settings	Открыть Настройки	Einstellungen öffnen	Abrir Ajustes	Ouvrir Réglages	Avaa Asetukset
Not now	Не сейчас	Nicht jetzt	Ahora no	Plus tard	Ei nyt
Widget & Live Activity	Виджет и Live Activity	Widget und Live-Aktivität	Widget y actividad en vivo	Widget et activité en direct	Widget ja Live Activity
Murmator cannot check this setting from inside the app.	Приложение не может проверить эту настройку.	Die App kann diese Einstellung nicht prüfen.	La app no puede comprobar este ajuste.	L’app ne peut pas vérifier ce réglage.	Sovellus ei voi tarkistaa tätä asetusta.
Insert	Вставить	Einfügen	Insertar	Insérer	Lisää
No saved text yet	Пока нет сохранённого текста	Noch kein gespeicherter Text	Aún no hay texto guardado	Aucun texte enregistré	Ei vielä tallennettua tekstiä
Reading the note is unavailable right now.	Чтение заметки сейчас недоступно.	Die Notiz kann derzeit nicht gelesen werden.	Ahora no se puede leer la nota.	La lecture de la note est indisponible.	Muistiinpanon luku ei ole nyt käytettävissä.
Ready to insert	Готово к вставке	Zum Einfügen bereit	Listo para insertar	Prêt à insérer	Valmis lisättäväksi
This cannot be undone.	Действие нельзя отменить.	Das kann nicht widerrufen werden.	Esta acción no se puede deshacer.	Cette action est irréversible.	Tätä ei voi kumota.
Note deleted	Заметка удалена	Notiz gelöscht	Nota eliminada	Note supprimée	Muistiinpano poistettu
Preparing	Подготовка	Vorbereiten	Preparando	Préparation	Valmistellaan
Downloaded models stay on the device.	Скачанные модели остаются на устройстве.	Geladene Modelle bleiben auf dem Gerät.	Los modelos descargados quedan en el dispositivo.	Les modèles téléchargés restent sur l’appareil.	Ladatut mallit pysyvät laitteella.
Duration is not known in advance.	Длительность заранее неизвестна.	Die Dauer ist vorab nicht bekannt.	La duración no se conoce de antemano.	La durée n’est pas connue à l’avance.	Kestoa ei tiedetä ennalta.
Draft	Черновик	Entwurf	Borrador	Brouillon	Luonnos
Refined	Уточнено	Überarbeitet	Afinado	Affiné	Tarkennettu
Draft translation	Черновой перевод	Entwurfsübersetzung	Traducción borrador	Traduction brouillon	Käännösluonnos
Refined translation	Уточнённый перевод	Überarbeitete Übersetzung	Traducción afinada	Traduction affinée	Tarkennettu käännös
Saved	Сохранено	Gespeichert	Guardado	Enregistré	Tallennettu
Speech models	Модели распознавания	Sprachmodelle	Modelos de voz	Modèles vocaux	Puhemallit
Translation packs	Пакеты перевода	Übersetzungspakete	Paquetes de traducción	Packs de traduction	Käännöspaketit
No internet connection	Нет подключения к интернету	Keine Internetverbindung	Sin conexión a internet	Pas de connexion internet	Ei internet-yhteyttä
Downloaded packs still work.	Скачанные пакеты продолжают работать.	Geladene Pakete funktionieren weiter.	Los paquetes descargados siguen funcionando.	Les packs téléchargés fonctionnent toujours.	Ladatut paketit toimivat edelleen.
Help	Помощь	Hilfe	Ayuda	Aide	Ohje
Add widget	Добавить виджет	Widget hinzufügen	Añadir widget	Ajouter le widget	Lisää widget
During recording	Во время записи	Während der Aufnahme	Durante la grabación	Pendant l’enregistrement	Tallennuksen aikana
Edited	Изменено	Bearbeitet	Editado	Modifié	Muokattu
Original text	Исходный текст	Originaltext	Texto original	Texte original	Alkuperäinen teksti
Interrupted	Прервано	Unterbrochen	Interrumpido	Interrompu	Keskeytetty
Stopped	Остановлено	Gestoppt	Detenido	Arrêté	Pysäytetty
Back to notes	К заметкам	Zurück zu den Notizen	Volver a las notas	Retour aux notes	Takaisin muistiinpanoihin
Try again	Повторить попытку	Erneut versuchen	Intentar de nuevo	Réessayer	Yritä uudelleen
Prepare later	Подготовить позже	Später vorbereiten	Preparar después	Préparer plus tard	Valmistele myöhemmin
Copy failed	Не удалось скопировать	Kopieren fehlgeschlagen	Error al copiar	Échec de la copie	Kopiointi epäonnistui
System share sheet	Системное меню «Поделиться»	Systemmenü „Teilen“	Menú de compartir del sistema	Menu de partage du système	Järjestelmän jakovalikko
You choose the destination. Murmator does not send notes on its own.	Получателя выбираешь ты. Murmator не отправляет заметки сам.	Du wählst das Ziel. Murmator versendet Notizen nicht selbst.	Tú eliges el destino. Murmator no envía notas por su cuenta.	Vous choisissez la destination. Murmator n’envoie pas les notes tout seul.	Valitset kohteen itse. Murmator ei lähetä muistiinpanoja itsestään.
Automatic re-translation after editing is not implemented yet.	Автоматический повторный перевод после правки пока не реализован.	Eine automatische Neuübersetzung nach dem Bearbeiten gibt es noch nicht.	La retraducción automática tras editar aún no está implementada.	La retraduction automatique après modification n’est pas encore implémentée.	Automaattista uudelleenkäännöstä muokkauksen jälkeen ei ole vielä toteutettu.
Long text is inserted in full.	Длинный текст вставляется полностью.	Langer Text wird vollständig eingefügt.	El texto largo se inserta completo.	Le texte long est inséré en entier.	Pitkä teksti lisätään kokonaan.
Live Activity appears here while Murmator is recording.	Live Activity появляется здесь во время записи в Murmator.	Die Live-Aktivität erscheint hier, während Murmator aufnimmt.	La actividad en vivo aparece aquí mientras Murmator graba.	L’activité en direct apparaît ici pendant l’enregistrement.	Live Activity näkyy tässä, kun Murmator tallentaa.
Turn off microphone	Выключить микрофон	Mikrofon ausschalten	Desactivar micrófono	Désactiver le microphone	Sammuta mikrofoni
Hold to talk	Держи и говори	Zum Sprechen halten	Mantén pulsado para hablar	Maintenez pour parler	Puhu pitämällä painettuna
Release to insert	Отпусти, чтобы вставить	Zum Einfügen loslassen	Suelta para insertar	Relâchez pour insérer	Lisää teksti vapauttamalla
Insert text	Вставить текст	Text einfügen	Insertar texto	Insérer le texte	Lisää teksti
Insert original	Вставить оригинал	Original einfügen	Insertar original	Insérer l’original	Lisää alkuperäinen
Send	Отправить	Senden	Enviar	Envoyer	Lähetä
Could not update the keyboard. Open Murmator and try again.	Не удалось связаться с клавиатурой. Открой Murmator и повтори попытку.	Die Tastatur konnte nicht aktualisiert werden. Öffne Murmator und versuche es erneut.	No se pudo actualizar el teclado. Abre Murmator e inténtalo de nuevo.	Impossible de mettre à jour le clavier. Ouvrez Murmator et réessayez.	Näppäimistöä ei voitu päivittää. Avaa Murmator ja yritä uudelleen.
Full Access is required for keyboard dictation.	Для диктовки с клавиатуры нужен полный доступ.	Für die Tastaturdiktierfunktion ist voller Zugriff erforderlich.	El dictado con el teclado requiere acceso total.	L’accès complet est nécessaire pour dicter depuis le clavier.	Näppäimistösanelu vaatii täyden käyttöoikeuden.
The text field changed. Tap Insert text when you are ready.	Поле ввода изменилось. Нажми «Вставить текст», когда будешь готов.	Das Textfeld wurde geändert. Tippe auf „Text einfügen“, wenn du bereit bist.	El campo de texto ha cambiado. Toca Insertar texto cuando estés listo.	Le champ a changé. Touchez Insérer le texte quand vous êtes prêt.	Tekstikenttä muuttui. Napauta Lisää teksti, kun olet valmis.
Enable the microphone in Murmator	Включи микрофон в Murmator	Mikrofon in Murmator aktivieren	Activa el micrófono en Murmator	Activez le microphone dans Murmator	Ota mikrofoni käyttöön Murmatorissa
Hold the microphone while you speak. Release to insert the text.	Держи кнопку микрофона, пока говоришь. Отпусти, чтобы вставить текст.	Halte die Mikrofontaste beim Sprechen. Lass sie los, um den Text einzufügen.	Mantén pulsado el micrófono mientras hablas. Suelta para insertar el texto.	Maintenez le microphone pendant que vous parlez. Relâchez pour insérer le texte.	Pidä mikrofonipainiketta painettuna puhuessasi. Lisää teksti vapauttamalla painike.
Dictation	Диктовка	Diktieren	Dictado	Dictée	Sanelu
Enable microphone	Включить микрофон	Mikrofon aktivieren	Activar micrófono	Activer le microphone	Ota mikrofoni käyttöön
Return to your app and hold the microphone on the Murmator keyboard.	Вернись в своё приложение и держи кнопку микрофона на клавиатуре Murmator.	Kehre zu deiner App zurück und halte die Mikrofontaste auf der Murmator-Tastatur.	Vuelve a tu app y mantén pulsado el micrófono del teclado Murmator.	Revenez à votre app et maintenez le microphone du clavier Murmator.	Palaa sovellukseesi ja pidä Murmator-näppäimistön mikrofonia painettuna.
Keyboard microphone enabled	Микрофон клавиатуры включён	Tastaturmikrofon aktiviert	Micrófono del teclado activado	Microphone du clavier activé	Näppäimistön mikrofoni käytössä
Keyboard dictation	Диктовка с клавиатуры	Tastaturdiktat	Dictado con teclado	Dictée au clavier	Näppäimistösanelu
Enable the microphone here, then return to your app. Use the Murmator keyboard to start and stop dictation.	Включи микрофон здесь и вернись в своё приложение. На клавиатуре Murmator держи кнопку, пока говоришь, и отпусти для вставки текста.	Aktiviere hier das Mikrofon und kehre zu deiner App zurück. Starte und stoppe das Diktat mit der Murmator-Tastatur.	Activa aquí el micrófono y vuelve a tu app. Usa el teclado Murmator para iniciar y detener el dictado.	Activez le microphone ici, puis revenez à votre app. Utilisez le clavier Murmator pour démarrer et arrêter la dictée.	Ota mikrofoni käyttöön tässä ja palaa sovellukseesi. Aloita ja lopeta sanelu Murmator-näppäimistöllä.
Enable keyboard dictation	Включить диктовку с клавиатуры	Tastaturdiktat aktivieren	Activar dictado con teclado	Activer la dictée au clavier	Ota näppäimistösanelu käyttöön
The microphone stays enabled between phrases. Idle audio is discarded. It turns off after 5 minutes without a new recording, or 1 minute after leaving the keyboard.	Между фразами микрофон остаётся включённым, но звук не обрабатывается и не сохраняется. Он выключится через 5 минут без новой записи или через минуту после закрытия клавиатуры.	Das Mikrofon bleibt zwischen Sätzen aktiv. Audio in Pausen wird verworfen. Es schaltet sich nach 5 Minuten ohne neue Aufnahme oder 1 Minute nach Verlassen der Tastatur aus.	El micrófono sigue activo entre frases. El audio en espera se descarta. Se apaga tras 5 minutos sin grabar o 1 minuto después de salir del teclado.	Le microphone reste actif entre les phrases. Le son en attente est ignoré. Il s’éteint après 5 minutes sans nouvel enregistrement ou 1 minute après avoir quitté le clavier.	Mikrofoni pysyy käytössä lauseiden välillä. Odotusajan ääni hylätään. Se sammuu 5 minuutin kuluttua ilman uutta tallennusta tai 1 minuutin kuluttua näppäimistöstä poistumisesta.
Enable Full Access for Murmator.	Разреши полный доступ для Murmator.	Erlaube vollen Zugriff für Murmator.	Permite acceso total a Murmator.	Autorisez l’accès complet à Murmator.	Salli Murmatorille täysi käyttöoikeus.
1. Add Murmator in Settings → General → Keyboard.\n\n2. Enable Full Access for Murmator.\n\n3. Select Murmator with the globe key, enable the microphone, then hold to talk.	1. Добавь Murmator: Настройки → Основные → Клавиатура.\n\n2. Разреши полный доступ для Murmator.\n\n3. Выбери Murmator кнопкой глобуса, включи микрофон и держи кнопку, пока говоришь.	1. Füge Murmator unter Einstellungen → Allgemein → Tastatur hinzu.\n\n2. Erlaube vollen Zugriff für Murmator.\n\n3. Wähle Murmator mit der Globustaste, aktiviere das Mikrofon und halte zum Sprechen.	1. Añade Murmator en Ajustes → General → Teclado.\n\n2. Permite acceso total a Murmator.\n\n3. Elige Murmator con el globo, activa el micrófono y mantén pulsado para hablar.	1. Ajoutez Murmator dans Réglages → Général → Clavier.\n\n2. Autorisez l’accès complet à Murmator.\n\n3. Choisissez Murmator avec le globe, activez le microphone et maintenez pour parler.	1. Lisää Murmator kohdassa Asetukset → Yleiset → Näppäimistö.\n\n2. Salli Murmatorille täysi käyttöoikeus.\n\n3. Valitse Murmator maapallopainikkeella, ota mikrofoni käyttöön ja puhu pitämällä painettuna.
No speech detected. Hold the microphone and try again.	Речь не обнаружена. Зажми микрофон и попробуй ещё раз.	Keine Sprache erkannt. Halte die Mikrofontaste und versuche es erneut.	No se detectó voz. Mantén pulsado el micrófono e inténtalo de nuevo.	Aucune parole détectée. Maintenez le microphone et réessayez.	Puhetta ei havaittu. Pidä mikrofonia painettuna ja yritä uudelleen.
Open Murmator	Открыть Murmator	Murmator öffnen	Abrir Murmator	Ouvrir Murmator	Avaa Murmator
Open Murmator to finish preparation.	Открой Murmator, чтобы завершить подготовку.	Öffne Murmator, um die Vorbereitung abzuschließen.	Abre Murmator para terminar la preparación.	Ouvrez Murmator pour terminer la préparation.	Avaa Murmator viimeistelläksesi valmistelun.
Prepare dictation	Подготовить диктовку	Diktat vorbereiten	Preparar dictado	Préparer la dictée	Valmistele sanelu
Ready to dictate	Можно диктовать	Bereit zum Diktieren	Listo para dictar	Prêt à dicter	Valmis sanelemaan
Load models and enable dictation in Murmator	Загрузите модели и включите диктовку в Murmator	Modelle laden und Diktat in Murmator aktivieren	Carga los modelos y activa el dictado en Murmator	Chargez les modèles et activez la dictée dans Murmator	Lataa mallit ja ota sanelu käyttöön Murmatorissa
Could not load dictation models.	Не удалось загрузить модели диктовки.	Diktiermodelle konnten nicht geladen werden.	No se pudieron cargar los modelos de dictado.	Impossible de charger les modèles de dictée.	Sanelumallien lataaminen epäonnistui.
Prepare the models here, then return to your app while loading finishes. The keyboard shows when dictation is ready.	Начните загрузку моделей здесь и возвращайтесь в своё приложение. Клавиатура покажет, когда можно диктовать.	Bereiten Sie hier die Modelle vor und kehren Sie während des Ladens zu Ihrer App zurück. Die Tastatur zeigt an, sobald das Diktat bereit ist.	Prepara los modelos aquí y vuelve a tu app mientras terminan de cargar. El teclado mostrará cuándo puedes dictar.	Préparez les modèles ici, puis revenez à votre app pendant le chargement. Le clavier indique quand la dictée est prête.	Valmistele mallit tässä ja palaa sovellukseesi latauksen ajaksi. Näppäimistö ilmoittaa, kun sanelu on valmis.
End session & unload models	Завершить и выгрузить модели	Sitzung beenden und Modelle entladen	Finalizar y descargar de memoria	Terminer et libérer les modèles	Lopeta ja vapauta mallit
Memory	Память	Arbeitsspeicher	Memoria	Mémoire	Muisti
Manage loaded models	Управление моделями в памяти	Geladene Modelle verwalten	Gestionar modelos cargados	Gérer les modèles chargés	Hallitse ladattuja malleja
Models loaded	Модели в памяти	Modelle geladen	Modelos en memoria	Modèles en mémoire	Mallit muistissa
Models unloaded	Модели выгружены	Modelle entladen	Modelos fuera de memoria	Modèles libérés	Mallit vapautettu
Unload speech and translation models to release memory. Downloaded language packs and notes stay on this iPhone.	Выгрузите модели речи и перевода, чтобы освободить память. Скачанные языковые пакеты и заметки останутся на iPhone.	Entladen Sie Sprach- und Übersetzungsmodelle, um Speicher freizugeben. Heruntergeladene Sprachpakete und Notizen bleiben auf diesem iPhone.	Libera los modelos de voz y traducción para recuperar memoria. Los paquetes descargados y las notas se conservan en este iPhone.	Libérez les modèles vocaux et de traduction pour récupérer de la mémoire. Les langues téléchargées et les notes restent sur cet iPhone.	Vapauta puhe- ja käännösmallit muistista. Ladatut kielipaketit ja muistiinpanot säilyvät tässä iPhonessa.
Finish recording or preparation before unloading models.	Завершите запись или подготовку, чтобы выгрузить модели.	Beenden Sie die Aufnahme oder Vorbereitung, bevor Sie Modelle entladen.	Termina la grabación o preparación antes de liberar los modelos.	Terminez l’enregistrement ou la préparation avant de libérer les modèles.	Lopeta tallennus tai valmistelu ennen mallien vapauttamista.
Unloading models…	Выгружаем модели…	Modelle werden entladen…	Liberando modelos…	Libération des modèles…	Vapautetaan malleja…
Unload models	Выгрузить модели	Modelle entladen	Liberar modelos	Libérer les modèles	Vapauta mallit
The next session loads the models again. You will not need to download them again.	При следующем запуске модели снова загрузятся в память. Повторно скачивать их не нужно.	Die nächste Sitzung lädt die Modelle erneut in den Speicher. Ein erneuter Download ist nicht nötig.	La próxima sesión volverá a cargar los modelos en memoria. No tendrás que descargarlos de nuevo.	La prochaine session rechargera les modèles en mémoire. Aucun nouveau téléchargement ne sera nécessaire.	Seuraava istunto lataa mallit takaisin muistiin. Niitä ei tarvitse ladata verkosta uudelleen.
Last update	Обновлено	Aktualisiert	Actualizado	Mis à jour	Päivitetty
Dictate	Диктовка	Diktieren	Dictar	Dicter	Sanele
Record	Запись	Aufnehmen	Grabar	Enregistrer	Tallenna
Unload	Выгрузить	Entladen	Liberar	Libérer	Vapauta
Murmator controls	Управление Murmator	Murmator-Steuerung	Controles de Murmator	Commandes Murmator	Murmator-ohjaimet
Start dictation, translate, unload models, or change your languages. Controls open Murmator.	Диктуйте, переводите, выгружайте модели и выбирайте языки. Действия открывают Murmator.	Diktieren, übersetzen, Modelle entladen oder Sprachen ändern. Die Aktionen öffnen Murmator.	Dicta, traduce, libera modelos o cambia de idioma. Los controles abren Murmator.	Dictez, traduisez, libérez les modèles ou changez de langue. Les commandes ouvrent Murmator.	Sanele, käännä, vapauta mallit tai vaihda kieliä. Toiminnot avaavat Murmatorin.
Languages	Языки	Sprachen	Idiomas	Langues	Kielet
Import audio	Импорт аудио	Audio importieren	Importar audio	Importer un audio	Tuo ääni
Audio imports	Импорт аудио	Audioimporte	Audios importados	Audios importés	Tuodut äänet
Transcribe a recording	Расшифровать запись	Aufnahme transkribieren	Transcribir una grabación	Transcrire un enregistrement	Litteroi tallenne
Audio is processed on this iPhone in short sections, split at pauses. Keep Murmator open; completed text is saved as it goes.	Аудио обрабатывается на iPhone короткими фрагментами с разделением по паузам. Оставьте Murmator открытым — готовый текст сохраняется по ходу работы.	Audio wird auf diesem iPhone in kurzen Abschnitten an Sprechpausen verarbeitet. Lassen Sie Murmator geöffnet; fertiger Text wird fortlaufend gespeichert.	El audio se procesa en este iPhone en fragmentos cortos separados por pausas. Mantén Murmator abierto; el texto se guarda a medida que avanza.	L’audio est traité sur cet iPhone en courts segments séparés aux pauses. Gardez Murmator ouvert ; le texte est enregistré au fur et à mesure.	Ääni käsitellään tässä iPhonessa lyhyinä, tauoista jaettuina osina. Pidä Murmator auki; valmis teksti tallennetaan työn edetessä.
Importing audio…	Импортируем аудио…	Audio wird importiert…	Importando audio…	Importation de l’audio…	Tuodaan ääntä…
Preparing transcription…	Готовим распознавание…	Transkription wird vorbereitet…	Preparando transcripción…	Préparation de la transcription…	Valmistellaan litterointia…
Transcribing audio…	Расшифровываем аудио…	Audio wird transkribiert…	Transcribiendo audio…	Transcription de l’audio…	Litteroidaan ääntä…
Pausing…	Приостанавливаем…	Wird angehalten…	Pausando…	Mise en pause…	Keskeytetään…
Pause	Пауза	Pause	Pausar	Pause	Keskeytä
Paused. Continue when you are ready.	На паузе. Продолжите, когда будете готовы.	Angehalten. Setzen Sie fort, wenn Sie bereit sind.	En pausa. Continúa cuando quieras.	En pause. Reprenez quand vous le souhaitez.	Keskeytetty. Jatka, kun olet valmis.
Transcribe	Расшифровать	Transkribieren	Transcribir	Transcrire	Litteroi
Continue transcription	Продолжить расшифровку	Transkription fortsetzen	Continuar transcripción	Reprendre la transcription	Jatka litterointia
No speech detected in this file.	В этом файле не обнаружена речь.	In dieser Datei wurde keine Sprache erkannt.	No se detectó voz en este archivo.	Aucune parole détectée dans ce fichier.	Tiedostosta ei havaittu puhetta.
Transcription saved	Расшифровка сохранена	Transkription gespeichert	Transcripción guardada	Transcription enregistrée	Litterointi tallennettu
Partial transcript	Частичная расшифровка	Teiltranskription	Transcripción parcial	Transcription partielle	Osittainen litterointi
Open transcript	Открыть расшифровку	Transkription öffnen	Abrir transcripción	Ouvrir la transcription	Avaa litterointi
Remove import	Убрать импорт	Import entfernen	Eliminar importación	Supprimer l’importation	Poista tuonti
Your original recording is unchanged. The imported copy is removed after completion; the transcript stays in Notes.	Исходная запись не меняется. После завершения импортированная копия удаляется, а расшифровка остаётся в заметках.	Die Originalaufnahme bleibt unverändert. Nach Abschluss wird die importierte Kopie entfernt; die Transkription bleibt in den Notizen.	La grabación original no cambia. Al terminar se elimina la copia importada; la transcripción permanece en Notas.	L’enregistrement original reste inchangé. La copie importée est supprimée à la fin ; la transcription reste dans les notes.	Alkuperäinen tallenne säilyy ennallaan. Tuotu kopio poistetaan valmistumisen jälkeen; litterointi jää muistiinpanoihin.
Processed on this iPhone. Pause at any time; completed text is saved.	Обработка на этом iPhone. Можно приостановить в любой момент — готовый текст сохранится.	Verarbeitung auf diesem iPhone. Jederzeit pausieren; fertiger Text wird gespeichert.	Se procesa en este iPhone. Puedes pausar cuando quieras; el texto terminado se guarda.	Traitement sur cet iPhone. Faites une pause à tout moment ; le texte terminé est enregistré.	Käsitellään tällä iPhonella. Voit keskeyttää milloin tahansa; valmis teksti tallennetaan.
Choose audio	Выбрать аудио	Audio auswählen	Elegir audio	Choisir un audio	Valitse ääni
Import another recording	Импортировать ещё запись	Weitere Aufnahme importieren	Importar otra grabación	Importer un autre enregistrement	Tuo toinen tallenne
Original recordings are unchanged. Imported audio is removed after a successful transcript, or when you remove the import.	Оригиналы записей не меняются. Копия аудио удаляется после успешной расшифровки или удаления импорта.	Originalaufnahmen bleiben unverändert. Importiertes Audio wird nach erfolgreicher Transkription oder beim Entfernen des Imports gelöscht.	Las grabaciones originales no cambian. El audio importado se elimina tras una transcripción correcta o al eliminar la importación.	Les originaux restent inchangés. L’audio importé est supprimé après une transcription réussie ou lors du retrait de l’importation.	Alkuperäisiä tallenteita ei muuteta. Tuotu ääni poistetaan onnistuneen litteroinnin jälkeen tai kun poistat tuonnin.
Audio recording	Аудиозапись	Audioaufnahme	Grabación de audio	Enregistrement audio	Äänitallenne
Could not receive the file	Не удалось получить файл	Datei konnte nicht empfangen werden	No se pudo recibir el archivo	Impossible de recevoir le fichier	Tiedostoa ei voitu vastaanottaa
File transfer	Передача файла	Dateiübertragung	Transferencia del archivo	Transfert du fichier	Tiedoston siirto
Transcription has not started. Choose the recording again or share it from Files.	Расшифровка не началась. Выберите запись снова или отправьте её из «Файлов».	Die Transkription wurde nicht gestartet. Wähle die Aufnahme erneut oder teile sie aus „Dateien“.	La transcripción no ha empezado. Elige la grabación otra vez o compártela desde Archivos.	La transcription n’a pas commencé. Sélectionnez à nouveau l’enregistrement ou partagez-le depuis Fichiers.	Litterointi ei ole alkanut. Valitse tallenne uudelleen tai jaa se Tiedostot-apista.
Retry import	Повторить импорт	Import wiederholen	Reintentar importación	Réessayer l’importation	Yritä tuontia uudelleen
Waiting	Ожидает	Wartet	En espera	En attente	Odottaa
Recognition	Распознавание	Erkennung	Reconocimiento	Reconnaissance	Tunnistus
No speech	Нет речи	Keine Sprache	Sin voz	Aucune parole	Ei puhetta
Language of the recording	Язык записи	Sprache der Aufnahme	Idioma de la grabación	Langue de l’enregistrement	Tallenteen kieli
The language is locked: the first section is saved.	Язык закреплён: первый фрагмент уже сохранён.	Die Sprache ist festgelegt: Der erste Abschnitt ist gespeichert.	El idioma está fijado: ya se ha guardado la primera sección.	La langue est verrouillée : la première section est enregistrée.	Kieli on lukittu: ensimmäinen osuus on tallennettu.
No text note was saved. Check the language of the recording or pick another file.	Текстовая заметка не создана. Проверьте язык записи или выберите другой файл.	Keine Textnotiz gespeichert. Prüfe die Sprache oder wähle eine andere Datei.	No se guardó ninguna nota de texto. Comprueba el idioma o elige otro archivo.	Aucune note de texte enregistrée. Vérifiez la langue ou choisissez un autre fichier.	Tekstimuistiinpanoa ei tallennettu. Tarkista kieli tai valitse toinen tiedosto.
Completed text is kept. Continue from the saved position.	Готовый текст сохранён. Можно продолжить с сохранённого места.	Fertiger Text bleibt erhalten. Setze an der gespeicherten Stelle fort.	El texto terminado se conserva. Continúa desde la posición guardada.	Le texte terminé est conservé. Reprenez à la position enregistrée.	Valmis teksti säilytetään. Jatka tallennetusta kohdasta.
Transcript	Расшифровка	Transkript	Transcripción	Transcription	Litterointi
Saved so far	Уже сохранено	Bisher gespeichert	Guardado hasta ahora	Déjà enregistré	Tähän mennessä tallennettu
Waiting for the current section to stop.	Ожидаем остановки текущего фрагмента.	Warten, bis der aktuelle Abschnitt stoppt.	Esperando a que se detenga la sección actual.	En attente de l’arrêt de la section en cours.	Odotetaan nykyisen osuuden pysähtymistä.
Open the full note after pausing. Completed text is already saved.	Полную заметку можно открыть после паузы. Готовый текст уже сохранён.	Öffne die vollständige Notiz nach dem Pausieren. Fertiger Text ist bereits gespeichert.	Abre la nota completa tras pausar. El texto terminado ya está guardado.	Ouvrez la note complète après une pause. Le texte terminé est déjà enregistré.	Avaa koko muistiinpano tauon jälkeen. Valmis teksti on jo tallennettu.
Choose another language and retry	Выбрать другой язык и повторить	Andere Sprache wählen und wiederholen	Elegir otro idioma y reintentar	Choisir une autre langue et réessayer	Valitse toinen kieli ja yritä uudelleen
Add to queue	Добавить в очередь	Zur Warteschlange hinzufügen	Añadir a la cola	Ajouter à la file d’attente	Lisää jonoon
Starts after the current file. One recording is processed at a time.	Начнётся после текущего файла. Записи обрабатываются по одной.	Startet nach der aktuellen Datei. Aufnahmen werden einzeln verarbeitet.	Empezará después del archivo actual. Se procesa una grabación a la vez.	Démarre après le fichier en cours. Un seul enregistrement est traité à la fois.	Alkaa nykyisen tiedoston jälkeen. Tallenteet käsitellään yksi kerrallaan.
Only the import and its audio copy are removed. Original recordings and saved notes stay.	Удалятся только импорт и копия аудио. Оригинал и сохранённые заметки останутся.	Nur der Import und seine Audiokopie werden entfernt. Originale und gespeicherte Notizen bleiben erhalten.	Solo se eliminan la importación y su copia de audio. Los originales y las notas guardadas se conservan.	Seuls l’importation et sa copie audio sont supprimées. Les originaux et les notes enregistrées sont conservés.	Vain tuonti ja sen äänikopio poistetaan. Alkuperäiset tallenteet ja muistiinpanot säilyvät.
File received	Файл получен	Datei empfangen	Archivo recibido	Fichier reçu	Tiedosto vastaanotettu
Could not transcribe this recording	Не удалось расшифровать запись	Aufnahme konnte nicht transkribiert werden	No se pudo transcribir esta grabación	Impossible de transcrire cet enregistrement	Tallennetta ei voitu litteroida
of	из	von	de	sur	/
Saved sections:	Сохранено фрагментов:	Gespeicherte Abschnitte:	Secciones guardadas:	Sections enregistrées :	Tallennetut osuudet:
On device	На устройстве	Auf dem Gerät	En el dispositivo	Sur l’appareil	Laitteella
Downloaded language packs	Загруженные языковые пакеты	Heruntergeladene Sprachpakete	Paquetes de idiomas descargados	Packs de langues téléchargés	Ladatut kielipaketit
Unloading models does not remove downloaded language packs or notes.	Выгрузка моделей не удаляет языковые пакеты и заметки.	Beim Entladen bleiben Sprachpakete und Notizen erhalten.	Descargar los modelos de la memoria no elimina los paquetes de idiomas ni las notas.	Libérer les modèles de la mémoire ne supprime ni les packs de langues ni les notes.	Mallien poistaminen muistista ei poista kielipaketteja tai muistiinpanoja.
In memory	В оперативной памяти	Im Arbeitsspeicher	En memoria	En mémoire	Muistissa
Models are held by Murmator for the current work.	Murmator держит модели в памяти для текущей работы.	Murmator hält Modelle für die aktuelle Aufgabe im Speicher.	Murmator mantiene los modelos en memoria para la tarea actual.	Murmator conserve les modèles en mémoire pour le travail en cours.	Murmator pitää mallit muistissa nykyistä tehtävää varten.
The next session will load the selected models from the device.	В следующей сессии выбранные модели загрузятся с устройства.	Die nächste Sitzung lädt die gewählten Modelle vom Gerät.	La próxima sesión cargará los modelos seleccionados desde el dispositivo.	La prochaine session chargera les modèles sélectionnés depuis l’appareil.	Seuraava istunto lataa valitut mallit laitteelta.
Loaded	Загружены	Geladen	Cargados	Chargés	Ladattu
Unloaded	Выгружены	Entladen	Fuera de memoria	Libérés	Poistettu muistista
Unloading is unavailable right now	Сейчас выгрузить нельзя	Entladen derzeit nicht möglich	No se pueden liberar ahora	Libération indisponible pour le moment	Muistia ei voi vapauttaa juuri nyt
Open the import and pause it	Открыть импорт и приостановить	Import öffnen und pausieren	Abrir la importación y pausarla	Ouvrir l’importation et la suspendre	Avaa tuonti ja keskeytä se
The app does not report how much free memory the phone has.	Приложение не показывает объём свободной памяти телефона.	Die App zeigt keinen freien Arbeitsspeicher des Telefons an.	La app no indica cuánta memoria libre tiene el teléfono.	L’app n’indique pas la quantité de mémoire libre du téléphone.	Appi ei näytä puhelimen vapaan muistin määrää.
Start a dictation session, then return to your app.	Запустите сессию диктовки и вернитесь в своё приложение.	Starte eine Diktiersitzung und kehre dann zu deiner App zurück.	Inicia una sesión de dictado y vuelve a tu app.	Démarrez une session de dictée, puis revenez dans votre app.	Aloita saneluistunto ja palaa sitten appiisi.
Keyboard setup instructions	Как настроить клавиатуру	Anleitung zur Tastatureinrichtung	Cómo configurar el teclado	Configurer le clavier	Näppäimistön käyttöönotto
Full Access	Полный доступ	Voller Zugriff	Acceso total	Accès complet	Täysi käyttöoikeus
Confirmed	Подтверждён	Bestätigt	Confirmado	Confirmé	Vahvistettu
Check in keyboard	Проверить в клавиатуре	In Tastatur prüfen	Comprobar en el teclado	Vérifier dans le clavier	Tarkista näppäimistössä
Full Access is checked by the keyboard, not by microphone permission.	Полный доступ проверяется в клавиатуре отдельно от разрешения микрофона.	Die Tastatur prüft den vollen Zugriff unabhängig von der Mikrofonberechtigung.	El teclado comprueba el acceso total por separado del permiso del micrófono.	Le clavier vérifie l’accès complet séparément de l’autorisation du microphone.	Näppäimistö tarkistaa täyden käyttöoikeuden erillään mikrofoniluvasta.
Microphone	Микрофон	Mikrofon	Micrófono	Microphone	Mikrofoni
Allowed	Разрешён	Erlaubt	Permitido	Autorisé	Sallittu
Not allowed	Не разрешён	Nicht erlaubt	No permitido	Non autorisé	Ei sallittu
A system permission. It does not mean models are ready.	Системное разрешение. Оно не означает готовность моделей.	Eine Systemberechtigung. Sie bedeutet nicht, dass Modelle bereit sind.	Un permiso del sistema. No significa que los modelos estén listos.	Une autorisation système. Elle ne signifie pas que les modèles sont prêts.	Järjestelmän lupa. Se ei tarkoita, että mallit ovat valmiina.
Models in memory	Модели в памяти	Modelle im Speicher	Modelos en memoria	Modèles en mémoire	Mallit muistissa
Loading models	Загрузка моделей	Modelle laden	Cargando modelos	Chargement des modèles	Ladataan malleja
Speech and translation must finish preparing before dictation starts.	Подготовка речи и перевода должна завершиться до начала диктовки.	Sprache und Übersetzung müssen vor dem Diktieren fertig vorbereitet sein.	La preparación de voz y traducción debe terminar antes de dictar.	La préparation de la parole et de la traduction doit être terminée avant de dicter.	Puheen ja käännöksen valmistelun on päätyttävä ennen sanelua.
Session	Сессия	Sitzung	Sesión	Session	Istunto
Preparing…	Подготовка…	Vorbereitung…	Preparando…	Préparation…	Valmistellaan…
Inactive	Неактивна	Inaktiv	Inactiva	Inactive	Ei aktiivinen
Return to your app manually when the session is ready.	Когда сессия готова, вернитесь в своё приложение.	Kehre zu deiner App zurück, sobald die Sitzung bereit ist.	Vuelve a tu app cuando la sesión esté lista.	Revenez dans votre app lorsque la session est prête.	Palaa appiisi, kun istunto on valmis.
Language and mode	Язык и режим	Sprache und Modus	Idioma y modo	Langue et mode	Kieli ja tila
From Voice Memos, Files or the system share sheet	Из «Диктофона», «Файлов» или меню «Поделиться»	Aus Sprachmemos, Dateien oder dem Teilen-Menü	Desde Notas de Voz, Archivos o el menú Compartir	Depuis Dictaphone, Fichiers ou le menu de partage	Sanelimesta, Tiedostoista tai jakovalikosta
Open	Открыть	Öffnen	Abrir	Ouvrir	Avaa
Tools	Инструменты	Werkzeuge	Herramientas	Outils	Työkalut
Dictate in other apps	Диктовка в других приложениях	In anderen Apps diktieren	Dictar en otras apps	Dicter dans d’autres apps	Sanele muissa apeissa
Recordings, progress and saved transcripts	Записи, обработка и готовый текст	Aufnahmen, Fortschritt und Transkripte	Grabaciones, progreso y transcripciones	Enregistrements, progression et transcriptions	Tallenteet, edistyminen ja litteroinnit
Device	Устройство	Gerät	Dispositivo	Appareil	Laite
Downloaded packs and loaded models	Языковые пакеты и модели в памяти	Sprachpakete und geladene Modelle	Paquetes descargados y modelos en memoria	Packs téléchargés et modèles en mémoire	Ladatut paketit ja muistissa olevat mallit
Completed text is saved. Finish transcription before editing this note.	Готовый текст сохранён. Завершите расшифровку перед редактированием заметки.	Fertiger Text ist gespeichert. Beende die Transkription vor dem Bearbeiten.	El texto terminado está guardado. Termina la transcripción antes de editar la nota.	Le texte terminé est enregistré. Terminez la transcription avant de modifier cette note.	Valmis teksti on tallennettu. Viimeistele litterointi ennen muistiinpanon muokkaamista.
Activate in Murmator	Активировать в Murmator	In Murmator aktivieren	Activar en Murmator	Activer dans Murmator	Aktivoi Murmatorissa
Activation needed	Нужна активация	Aktivierung erforderlich	Se requiere activación	Activation nécessaire	Aktivointi tarvitaan
Result	Результат	Ergebnis	Resultado	Résultat	Tulos
Mic on	Микр. вкл.	Mikro an	Micro activo	Micro actif	Mikr. päällä
Mic off	Микр. выкл.	Mikro aus	Micro inactivo	Micro coupé	Mikr. pois
Full Access needed	Нужен полный доступ	Voller Zugriff nötig	Se necesita acceso total	Accès complet requis	Täysi käyttöoikeus tarvitaan
Result ready	Результат готов	Ergebnis bereit	Resultado listo	Résultat prêt	Tulos valmis
Recording	Запись	Aufnahme	Grabando	Enregistrement	Tallennus
Choose what to insert into the current field.	Выберите текст для вставки в текущее поле.	Wähle den Text für das aktuelle Feld.	Elige qué insertar en el campo actual.	Choisissez quoi insérer dans le champ actuel.	Valitse nykyiseen kenttään lisättävä teksti.
Unload in Murmator	Выгрузить в Murmator	In Murmator entladen	Liberar en Murmator	Libérer dans Murmator	Vapauta Murmatorissa
Translation mode	Режим перевода	Übersetzungsmodus	Modo de traducción	Mode de traduction	Käännöstila
Text	Текст	Text	Texto	Texte	Teksti
Voice	Голос	Sprache	Voz	Voix	Puhe
From language	С языка	Ausgangssprache	Idioma de origen	Langue source	Lähtökieli
Swap languages	Поменять языки местами	Sprachen tauschen	Intercambiar idiomas	Inverser les langues	Vaihda kielet keskenään
Text to translate	Текст для перевода	Zu übersetzender Text	Texto para traducir	Texte à traduire	Käännettävä teksti
Clear	Очистить	Leeren	Borrar	Effacer	Tyhjennä
Type or paste text here	Введите или вставьте текст	Text eingeben oder einfügen	Escribe o pega texto aquí	Saisissez ou collez du texte ici	Kirjoita tai liitä teksti tähän
Translate up to 10,000 characters at a time.	За один раз можно перевести до 10 000 символов.	Bis zu 10.000 Zeichen auf einmal übersetzen.	Traduce hasta 10.000 caracteres a la vez.	Traduisez jusqu’à 10 000 caractères à la fois.	Käännä enintään 10 000 merkkiä kerrallaan.
Cancelling…	Отмена…	Wird abgebrochen…	Cancelando…	Annulation…	Peruutetaan…
Translating text…	Переводим текст…	Text wird übersetzt…	Traduciendo texto…	Traduction du texte…	Käännetään tekstiä…
Translate text	Перевести текст	Text übersetzen	Traducir texto	Traduire le texte	Käännä teksti
Could not translate. Your text is kept.	Не удалось перевести. Исходный текст сохранён.	Übersetzung fehlgeschlagen. Dein Text bleibt erhalten.	No se pudo traducir. Tu texto se conserva.	Traduction impossible. Votre texte est conservé.	Kääntäminen epäonnistui. Tekstisi säilytetään.
Translation	Перевод	Übersetzung	Traducción	Traduction	Käännös
Copy translation	Скопировать перевод	Übersetzung kopieren	Copiar traducción	Copier la traduction	Kopioi käännös
Text is translated on this iPhone. Language packs may need a one-time download.	Текст переводится на этом iPhone. Языковые пакеты может потребоваться скачать один раз.	Der Text wird auf diesem iPhone übersetzt. Sprachpakete müssen eventuell einmal heruntergeladen werden.	El texto se traduce en este iPhone. Puede ser necesario descargar los paquetes de idiomas una vez.	Le texte est traduit sur cet iPhone. Un téléchargement initial des packs de langues peut être nécessaire.	Teksti käännetään tällä iPhonella. Kielipaketit on ehkä ladattava kerran.
Text is not saved as a note automatically.	Текст не сохраняется в заметки автоматически.	Text wird nicht automatisch als Notiz gespeichert.	El texto no se guarda como nota automáticamente.	Le texte n’est pas enregistré automatiquement comme note.	Tekstiä ei tallenneta automaattisesti muistiinpanoksi.
Hide keyboard	Скрыть клавиатуру	Tastatur ausblenden	Ocultar teclado	Masquer le clavier	Piilota näppäimistö
Storage	Хранилище	Speicherplatz	Almacenamiento	Stockage	Tallennustila
Refresh	Обновить	Aktualisieren	Actualizar	Actualiser	Päivitä
Manage storage	Управлять хранилищем	Speicherplatz verwalten	Gestionar almacenamiento	Gérer le stockage	Hallitse tallennustilaa
Downloaded models and disk space	Скачанные модели и место на устройстве	Heruntergeladene Modelle und Speicherplatz	Modelos descargados y espacio disponible	Modèles téléchargés et espace disque	Ladatut mallit ja tallennustila
Downloaded model files	Скачанные файлы моделей	Heruntergeladene Modelldateien	Archivos de modelos descargados	Fichiers de modèles téléchargés	Ladatut mallitiedostot
Available on this iPhone	Доступно на iPhone	Auf diesem iPhone verfügbar	Disponible en este iPhone	Disponible sur cet iPhone	Käytettävissä tällä iPhonella
File sizes are shown. The space reclaimed by the system may differ.	Показаны размеры файлов. Объём освобождённого места может отличаться.	Angezeigt werden Dateigrößen. Der tatsächlich freigegebene Speicherplatz kann abweichen.	Se muestran tamaños de archivo. El espacio liberado por el sistema puede variar.	Les tailles des fichiers sont affichées. L’espace réellement libéré peut varier.	Näytetään tiedostojen koot. Järjestelmän vapauttama tila voi poiketa niistä.
Storage information unavailable	Не удалось определить объём файлов	Speicherinformationen nicht verfügbar	Información de almacenamiento no disponible	Informations de stockage indisponibles	Tallennustilan tietoja ei ole saatavilla
Calculating storage…	Подсчитываем размер…	Speicherplatz wird berechnet…	Calculando almacenamiento…	Calcul du stockage…	Lasketaan tallennustilaa…
Finish dictation, translation or model preparation before deleting downloads.	Завершите диктовку, перевод или подготовку моделей перед удалением файлов.	Beende Diktat, Übersetzung oder Modellvorbereitung vor dem Löschen.	Termina el dictado, la traducción o la preparación de modelos antes de eliminar archivos.	Terminez la dictée, la traduction ou la préparation des modèles avant de supprimer les fichiers.	Lopeta sanelu, käännös tai mallien valmistelu ennen tiedostojen poistamista.
Deleting download…	Удаляем файлы…	Dateien werden gelöscht…	Eliminando archivos…	Suppression des fichiers…	Poistetaan tiedostoja…
No downloaded model files	Нет скачанных моделей	Keine heruntergeladenen Modelldateien	No hay modelos descargados	Aucun modèle téléchargé	Ei ladattuja mallitiedostoja
Speech recognition	Распознавание речи	Spracherkennung	Reconocimiento de voz	Reconnaissance vocale	Puheentunnistus
Unfinished downloads	Незавершённые загрузки	Unvollständige Downloads	Descargas incompletas	Téléchargements incomplets	Keskeneräiset lataukset
Deleting a download keeps your notes, original recordings and selected languages.	Удаление файлов моделей не удаляет заметки, исходные записи и выбранные языки.	Notizen, Originalaufnahmen und gewählte Sprachen bleiben beim Löschen erhalten.	Al eliminar los modelos se conservan las notas, grabaciones originales e idiomas seleccionados.	La suppression des modèles conserve les notes, les enregistrements originaux et les langues sélectionnées.	Mallien poistaminen säilyttää muistiinpanot, alkuperäiset tallenteet ja valitut kielet.
Delete downloaded model?	Удалить скачанную модель?	Heruntergeladenes Modell löschen?	¿Eliminar el modelo descargado?	Supprimer le modèle téléchargé ?	Poistetaanko ladattu malli?
Delete download	Удалить файлы	Download löschen	Eliminar descarga	Supprimer le téléchargement	Poista lataus
The files will be downloaded again when you prepare this language or use it next time.	Файлы можно скачать снова при подготовке языка или следующем использовании.	Die Dateien können bei der Sprachvorbereitung oder nächsten Verwendung erneut geladen werden.	Los archivos se podrán descargar de nuevo al preparar el idioma o volver a usarlo.	Les fichiers pourront être téléchargés à nouveau lors de la préparation de la langue ou de sa prochaine utilisation.	Tiedostot voidaan ladata uudelleen kielen valmistelun tai seuraavan käyttökerran yhteydessä.
This pack was imported. You may need the original model folder to restore it.	Этот пакет был импортирован. Для восстановления может понадобиться исходная папка модели.	Dieses Paket wurde importiert. Zum Wiederherstellen wird möglicherweise der ursprüngliche Modellordner benötigt.	Este paquete se importó. Es posible que necesites la carpeta original para recuperarlo.	Ce pack a été importé. Le dossier d’origine peut être nécessaire pour le restaurer.	Tämä paketti on tuotu. Palauttamiseen saatetaan tarvita alkuperäinen mallikansio.
Shared components may be needed by more than one language or mode. Notes and original recordings stay.	Общие компоненты могут использоваться несколькими языками и режимами. Заметки и исходные записи останутся.	Gemeinsame Komponenten können von mehreren Sprachen und Modi benötigt werden. Notizen und Originalaufnahmen bleiben erhalten.	Varios idiomas o modos pueden necesitar los componentes compartidos. Las notas y grabaciones originales se conservan.	Des composants peuvent être partagés entre plusieurs langues ou modes. Les notes et les originaux sont conservés.	Useat kielet tai tilat voivat tarvita yhteisiä osia. Muistiinpanot ja alkuperäiset tallenteet säilyvät.
Text and final voice translation	Текстовый и итоговый голосовой перевод	Text- und endgültige Sprachübersetzung	Traducción de texto y resultado de voz	Traduction de texte et résultat vocal final	Tekstin ja puheen lopullinen käännös
Live voice translation preview	Черновик голосового перевода	Live-Vorschau der Sprachübersetzung	Vista previa de traducción de voz	Aperçu de traduction vocale	Puhekäännöksen reaaliaikainen esikatselu
Live translation preview	Перевод в реальном времени	Live-Übersetzungsvorschau	Vista previa en tiempo real	Aperçu de traduction en direct	Reaaliaikainen käännösesikatselu
A direction may also be used by translations through an intermediate language.	Это направление может использоваться и для перевода через промежуточный язык.	Diese Richtung kann auch für Übersetzungen über eine Zwischensprache verwendet werden.	Esta dirección también puede usarse para traducir a través de un idioma intermedio.	Cette direction peut aussi servir aux traductions passant par une langue intermédiaire.	Tätä käännössuuntaa voidaan käyttää myös välikielen kautta kääntämiseen.
Unfinished model download	Незавершённая загрузка модели	Unvollständiger Modelldownload	Descarga de modelo incompleta	Téléchargement de modèle incomplet	Keskeneräinen mallin lataus
Temporary files from a model download.	Временные файлы загрузки модели.	Temporäre Dateien eines Modelldownloads.	Archivos temporales de la descarga de un modelo.	Fichiers temporaires d’un téléchargement de modèle.	Mallin latauksen väliaikaiset tiedostot.
Imported speech pack	Импортированный пакет речи	Importiertes Sprachpaket	Paquete de voz importado	Pack vocal importé	Tuotu puhepaketti
Russian speech recognition	Распознавание русской речи	Russische Spracherkennung	Reconocimiento de voz en ruso	Reconnaissance vocale russe	Venäjän puheentunnistus
Used for Russian dictation and audio imports.	Для диктовки и расшифровки записей на русском.	Für russische Diktate und importierte Aufnahmen.	Para dictado y grabaciones importadas en ruso.	Pour la dictée et les enregistrements importés en russe.	Venäjän saneluun ja tuotuihin tallenteisiin.
Multilingual speech recognition	Распознавание на нескольких языках	Mehrsprachige Spracherkennung	Reconocimiento de voz multilingüe	Reconnaissance vocale multilingue	Monikielinen puheentunnistus
Shared by several dictation languages and keyboard sessions.	Общий пакет для нескольких языков диктовки и клавиатуры.	Gemeinsames Paket für mehrere Diktiersprachen und Tastatursitzungen.	Paquete compartido por varios idiomas de dictado y sesiones del teclado.	Pack partagé par plusieurs langues de dictée et sessions du clavier.	Useiden sanelukielten ja näppäimistöistuntojen yhteinen paketti.
Live dictation	Диктовка в реальном времени	Live-Diktat	Dictado en tiempo real	Dictée en direct	Reaaliaikainen sanelu
Speech detection for live dictation	Определение речи при диктовке	Spracherkennung für Live-Diktat	Detección de voz para dictado	Détection de parole pour la dictée	Puheen havaitseminen sanelussa
A shared component. Deleting it affects every mode that uses it.	Общий компонент. Удаление затронет все использующие его режимы.	Gemeinsame Komponente. Das Löschen betrifft alle Modi, die sie verwenden.	Componente compartido. Al eliminarlo se afectan todos los modos que lo utilizan.	Composant partagé. Sa suppression affecte tous les modes qui l’utilisent.	Yhteinen osa. Poistaminen vaikuttaa kaikkiin sitä käyttäviin tiloihin.
Downloaded source files for this shared component.	Скачанные исходные файлы общего компонента.	Heruntergeladene Quelldateien dieser gemeinsamen Komponente.	Archivos de origen descargados del componente compartido.	Fichiers sources téléchargés de ce composant partagé.	Tämän yhteisen osan ladatut lähdetiedostot.
Arabic speech recognition	Распознавание арабской речи	Arabische Spracherkennung	Reconocimiento de voz en árabe	Reconnaissance vocale arabe	Arabian puheentunnistus
Additional speech recognition	Дополнительный пакет распознавания	Zusätzliche Spracherkennung	Reconocimiento de voz adicional	Reconnaissance vocale supplémentaire	Lisäpaketti puheentunnistukseen
Speech detection for recordings	Определение речи в записях	Spracherkennung in Aufnahmen	Detección de voz en grabaciones	Détection de parole dans les enregistrements	Puheen havaitseminen tallenteissa
Used by audio imports and keyboard dictation.	Для импорта аудио и диктовки с клавиатуры.	Für Audioimporte und Tastaturdiktate.	Para importaciones de audio y dictado con teclado.	Pour l’importation audio et la dictée au clavier.	Äänen tuontiin ja näppäimistösaneluun.
Download removed. The language can be prepared again when needed.	Файлы удалены. При необходимости язык можно подготовить снова.	Download gelöscht. Die Sprache kann bei Bedarf erneut vorbereitet werden.	Descarga eliminada. Puedes preparar el idioma de nuevo cuando lo necesites.	Téléchargement supprimé. Vous pourrez préparer la langue à nouveau si nécessaire.	Lataus poistettu. Kielen voi valmistella uudelleen tarvittaessa.
Remove from list	Убрать из списка	Aus Liste entfernen	Quitar de la lista	Retirer de la liste	Poista luettelosta
Removing a language from this list does not delete downloaded files.	Удаление языка из списка не удаляет скачанные файлы.	Das Entfernen einer Sprache aus der Liste löscht keine heruntergeladenen Dateien.	Quitar un idioma de la lista no elimina sus archivos descargados.	Retirer une langue de cette liste ne supprime pas ses fichiers téléchargés.	Kielen poistaminen luettelosta ei poista ladattuja tiedostoja.
Imported files removed. You may need the original model folder to restore this pack.	Импортированные файлы удалены. Для восстановления может понадобиться исходная папка модели.	Importierte Dateien gelöscht. Zur Wiederherstellung wird möglicherweise der ursprüngliche Modellordner benötigt.	Archivos importados eliminados. Es posible que necesites la carpeta original para restaurarlos.	Fichiers importés supprimés. Le dossier d’origine peut être nécessaire pour restaurer ce pack.	Tuodut tiedostot poistettu. Palauttamiseen saatetaan tarvita alkuperäinen mallikansio.
Remove this import?	Удалить этот импорт?	Diesen Import entfernen?	¿Eliminar esta importación?	Supprimer cette importation ?	Poistetaanko tämä tuonti?
Switching tabs is unavailable while a translation runs	Во время перевода переключение вкладок недоступно	Während der Übersetzung können Tabs nicht gewechselt werden	No se puede cambiar de pestaña durante una traducción	Impossible de changer d’onglet pendant la traduction	Välilehteä ei voi vaihtaa käännöksen aikana
Up to 10,000 characters at a time	До 10 000 символов за один раз	Bis zu 10.000 Zeichen auf einmal	Hasta 10.000 caracteres a la vez	Jusqu’à 10 000 caractères à la fois	Enintään 10 000 merkkiä kerrallaan
Over 10,000 characters	Больше 10 000 символов	Mehr als 10.000 Zeichen	Más de 10.000 caracteres	Plus de 10 000 caractères	Yli 10 000 merkkiä
The text is not trimmed automatically. Shorten it to start the translation.	Текст не обрезается автоматически. Сократите его, чтобы начать перевод.	Der Text wird nicht automatisch gekürzt. Kürze ihn, um die Übersetzung zu starten.	El texto no se recorta automáticamente. Acórtalo para iniciar la traducción.	Le texte n’est pas tronqué automatiquement. Raccourcissez-le pour lancer la traduction.	Tekstiä ei lyhennetä automaattisesti. Lyhennä sitä aloittaaksesi käännöksen.
The translation became the source text and the direction is reversed. The previous result is no longer shown.	Перевод стал исходным текстом, а направление изменилось. Предыдущий результат больше не отображается.	Die Übersetzung ist jetzt der Ausgangstext und die Richtung wurde umgekehrt. Das vorherige Ergebnis wird nicht mehr angezeigt.	La traducción pasó a ser el texto de origen y se invirtió la dirección. El resultado anterior ya no se muestra.	La traduction est devenue le texte source et le sens a été inversé. Le résultat précédent n’est plus affiché.	Käännös siirrettiin lähdetekstiksi ja suunta vaihdettiin. Edellistä tulosta ei enää näytetä.
This prepares the language pack. It is not a percentage of the translation.	Это подготовка языкового пакета, а не процент выполнения перевода.	Hier wird das Sprachpaket vorbereitet. Der Prozentwert zeigt nicht den Übersetzungsfortschritt.	Esto prepara el paquete de idioma. No indica el porcentaje de la traducción.	Il s’agit de la préparation du pack linguistique, pas du pourcentage de traduction.	Tämä valmistelee kielipaketin. Prosentti ei kuvaa käännöksen edistymistä.
A new translation can start once this one stops. Your text is kept.	Новый перевод можно начать после остановки текущего. Ваш текст сохранится.	Eine neue Übersetzung kann starten, sobald diese beendet ist. Dein Text bleibt erhalten.	Podrás iniciar otra traducción cuando se detenga esta. Tu texto se conserva.	Une nouvelle traduction pourra démarrer après l’arrêt de celle-ci. Votre texte est conservé.	Uuden käännöksen voi aloittaa, kun tämä pysähtyy. Tekstisi säilyy.
Retry with the same Translate text button, or choose a different language pair.	Повторите попытку кнопкой «Перевести текст» или выберите другую языковую пару.	Versuche es erneut mit „Text übersetzen“ oder wähle ein anderes Sprachpaar.	Vuelve a intentarlo con «Traducir texto» o elige otro par de idiomas.	Réessayez avec « Traduire le texte » ou choisissez une autre paire de langues.	Yritä uudelleen Käännä teksti -painikkeella tai valitse toinen kielipari.
Translate again	Перевести ещё раз	Erneut übersetzen	Traducir de nuevo	Traduire à nouveau	Käännä uudelleen
Share is the system sheet — you choose the destination	В системном меню «Поделиться» вы выбираете, куда отправить текст	Im Teilen-Menü des Systems wählst du das Ziel	En el menú del sistema eliges dónde compartir	Le menu de partage du système vous laisse choisir la destination	Valitset kohteen järjestelmän jakovalikossa
No imports in progress	Нет активных импортов	Keine laufenden Importe	No hay importaciones en curso	Aucune importation en cours	Ei tuonteja käynnissä
Choose a recording from Files, or share one from Voice Memos.	Выберите запись в «Файлах» или отправьте её из «Диктофона».	Wähle eine Aufnahme aus „Dateien“ oder teile sie aus „Sprachmemos“.	Elige una grabación de Archivos o compártela desde Notas de Voz.	Choisissez un enregistrement dans Fichiers ou partagez-le depuis Dictaphone.	Valitse tallenne Tiedostot-apista tai jaa se Sanelimesta.
Saved notes stay in your list. Completed jobs are not kept here.	Сохранённые заметки остаются в списке. Завершённые задания здесь не хранятся.	Gespeicherte Notizen bleiben in deiner Liste. Abgeschlossene Aufträge werden hier nicht aufbewahrt.	Las notas guardadas permanecen en tu lista. Los trabajos completados no se conservan aquí.	Les notes enregistrées restent dans votre liste. Les tâches terminées ne sont pas conservées ici.	Tallennetut muistiinpanot pysyvät luettelossasi. Valmiita tehtäviä ei säilytetä täällä.
Paused	На паузе	Pausiert	En pausa	En pause	Keskeytetty
Translation packs · text	Пакеты перевода · текст	Übersetzungspakete · Text	Paquetes de traducción · texto	Packs de traduction · texte	Käännöspaketit · teksti
Text and refined voice translation use the same downloaded packs.	Перевод текста и уточнение голосового перевода используют общие скачанные пакеты.	Textübersetzung und verfeinerte Sprachübersetzung verwenden dieselben heruntergeladenen Pakete.	La traducción de texto y la traducción de voz refinada usan los mismos paquetes descargados.	La traduction de texte et l’affinage de la traduction vocale utilisent les mêmes packs téléchargés.	Tekstin kääntäminen ja puhekäännöksen viimeistely käyttävät samoja ladattuja paketteja.
No files on device	На устройстве нет файлов	Keine Dateien auf dem Gerät	No hay archivos en el dispositivo	Aucun fichier sur l’appareil	Laitteessa ei ole tiedostoja
Files on device	Файлы на устройстве	Dateien auf dem Gerät	Archivos en el dispositivo	Fichiers sur l’appareil	Laitteen tiedostot
Voice translation	Голосовой перевод	Sprachübersetzung	Traducción de voz	Traduction vocale	Puhekäännös
Text translation	Перевод текста	Textübersetzung	Traducción de texto	Traduction de texte	Tekstin kääntäminen
Could not read storage.	Не удалось прочитать хранилище.	Speicher konnte nicht gelesen werden.	No se pudo leer el almacenamiento.	Impossible de lire le stockage.	Tallennustilaa ei voitu lukea.
About Murmator	О Murmator	Über Murmator	Acerca de Murmator	À propos de Murmator	Tietoja Murmatorista
Version	Версия	Version	Versión	Version	Versio
Privacy	Приватность	Datenschutz	Privacidad	Confidentialité	Tietosuoja
Open source	Открытый исходный код	Open Source	Código abierto	Code source ouvert	Avoin lähdekoodi
Open-source licenses	Лицензии компонентов	Open-Source-Lizenzen	Licencias de código abierto	Licences open source	Avoimen lähdekoodin lisenssit
Export Bergamot source code	Экспортировать исходники Bergamot	Bergamot-Quellcode exportieren	Exportar código fuente de Bergamot	Exporter le code source de Bergamot	Vie Bergamotin lähdekoodi
Speech recognition and translation run on your device. Murmator does not upload your recordings, notes or translation text.	Распознавание речи и перевод выполняются на устройстве. Murmator не отправляет ваши записи, заметки и тексты перевода на сервер.	Spracherkennung und Übersetzung erfolgen auf deinem Gerät. Murmator lädt deine Aufnahmen, Notizen oder Übersetzungstexte nicht hoch.	El reconocimiento de voz y la traducción se realizan en tu dispositivo. Murmator no sube tus grabaciones, notas ni textos de traducción.	La reconnaissance vocale et la traduction ont lieu sur votre appareil. Murmator ne transmet pas vos enregistrements, notes ni textes à traduire.	Puheentunnistus ja kääntäminen tapahtuvat laitteellasi. Murmator ei lähetä tallenteitasi, muistiinpanojasi tai käännettäviä tekstejä palvelimelle.
Downloading language packs connects to model hosting services. These services receive the network information needed to deliver files.	При скачивании языковых пакетов приложение подключается к сервисам хранения моделей. Они получают сетевые данные, необходимые для передачи файлов.	Beim Laden von Sprachpaketen verbindet sich die App mit Modelldiensten. Diese erhalten die für die Dateiübertragung erforderlichen Netzwerkdaten.	Al descargar paquetes de idiomas, la app se conecta a servicios de alojamiento de modelos. Estos reciben los datos de red necesarios para entregar los archivos.	Le téléchargement des packs de langues utilise des services d’hébergement de modèles. Ils reçoivent les données réseau nécessaires à la transmission des fichiers.	Kielipakettien lataaminen muodostaa yhteyden malleja tarjoaviin palveluihin. Ne saavat tiedostojen toimittamiseen tarvittavat verkkotiedot.
You choose what to share using the iOS share sheet. Device backups follow your system settings.	Вы сами выбираете, чем поделиться через меню iOS. Резервное копирование устройства зависит от системных настроек.	Du bestimmst über das iOS-Teilen-Menü, was du teilst. Gerätesicherungen richten sich nach deinen Systemeinstellungen.	Tú eliges qué compartir mediante el menú de iOS. Las copias de seguridad dependen de los ajustes del sistema.	Vous choisissez quoi partager via le menu iOS. Les sauvegardes de l’appareil suivent vos réglages système.	Valitset itse jaettavan sisällön iOS:n jakovalikosta. Laitteen varmuuskopiot noudattavat järjestelmäasetuksiasi.
Replace with translation	Заменить переводом	Durch Übersetzung ersetzen	Reemplazar por la traducción	Remplacer par la traduction	Korvaa käännöksellä
Default translation app	Переводчик по умолчанию	Standard-Übersetzungsapp	App de traducción predeterminada	App de traduction par défaut	Oletuskäännössovellus
Choose Murmator for selected text in other apps	Выбери Murmator для перевода текста в других приложениях	Murmator für ausgewählten Text in anderen Apps wählen	Elige Murmator para el texto seleccionado en otras apps	Choisissez Murmator pour le texte sélectionné dans d’autres apps	Valitse Murmator muissa sovelluksissa valitun tekstin kääntämiseen
Open Murmator once to prepare system translation.	Открой Murmator один раз, чтобы подготовить системный перевод.	Öffne Murmator einmal, um die Systemübersetzung vorzubereiten.	Abre Murmator una vez para preparar la traducción del sistema.	Ouvrez Murmator une fois pour préparer la traduction système.	Avaa Murmator kerran järjestelmän käännöstoiminnon valmistelemiseksi.
Your selected text is kept. Return here after opening the app.	Выделенный текст сохранён. Вернись сюда после открытия приложения.	Dein ausgewählter Text bleibt erhalten. Kehre nach dem Öffnen der App hierher zurück.	El texto seleccionado se conserva. Vuelve aquí después de abrir la app.	Votre texte sélectionné est conservé. Revenez ici après avoir ouvert l’app.	Valittu teksti säilyy. Palaa tähän avattuasi sovelluksen.
Check the source language before translating this text.	Проверь исходный язык перед переводом этого текста.	Prüfe vor dem Übersetzen die Ausgangssprache.	Comprueba el idioma de origen antes de traducir este texto.	Vérifiez la langue source avant de traduire ce texte.	Tarkista lähdekieli ennen tämän tekstin kääntämistä.
Extra copy of a language pack from an earlier app version.	Дополнительная копия языкового пакета из предыдущей версии приложения.	Zusätzliche Kopie eines Sprachpakets aus einer früheren App-Version.	Copia adicional de un paquete de idiomas de una versión anterior de la app.	Copie supplémentaire d’un pack de langue d’une version précédente de l’app.	Kielipaketin ylimääräinen kopio sovelluksen aiemmasta versiosta.
